MSOA21CD	MSOA21NM	Licence area	Licence area (alternative)
E02004913	North Hertfordshire 005	EPN	UKPN (East)
E02004565	Rochford 003	EPN	UKPN (East)
E02004999	Ashford 004	SPN	UKPN (South)
E02005579	North Norfolk 010	EPN	UKPN (East)
E02006882	Harrow 033	EPN	UKPN (East)
E02006922	Colchester 022	EPN	UKPN (East)
E02000156	Bromley 030	SPN	UKPN (South)
E02000227	Croydon 034	SPN	UKPN (South)
E02000316	Greenwich 004	LPN	UKPN (London)
E02000365	Hackney 021	LPN	UKPN (London)
E02000769	Redbridge 019	LPN	UKPN (London)
E02000780	Redbridge 030	LPN	UKPN (London)
E02000809	Southwark 003	LPN	UKPN (London)
E02000891	Tower Hamlets 028	LPN	UKPN (London)
E02000968	Westminster 009	LPN	UKPN (London)
E02003313	Thurrock 018	EPN	UKPN (East)
E02003744	Fenland 003	EPN	UKPN (East)
E02003747	Fenland 006	EPN	UKPN (East)
E02004580	Tendring 008	EPN	UKPN (East)
E02005004	Ashford 009	SPN	UKPN (South)
E02005051	Dover 011	SPN	UKPN (South)
E02005107	Shepway 006	SPN	UKPN (South)
E02005151	Tonbridge and Malling 003	SPN	UKPN (South)
E02006233	Babergh 007	EPN	UKPN (East)
E02006296	Suffolk Coastal 010	EPN	UKPN (East)
E02006589	Horsham 002	SPN	UKPN (South)
E02006924	Redbridge 035	LPN	UKPN (London)
E02006925	Redbridge 036	LPN	UKPN (London)
E02000008	Barking and Dagenham 007	EPN	UKPN (East)
E02000072	Bexley 008	LPN	UKPN (London)
E02000073	Bexley 009	LPN	UKPN (London)
E02000084	Bexley 020	LPN	UKPN (London)
E02000123	Brent 031	LPN	UKPN (London)
E02000134	Bromley 008	LPN	UKPN (London)
E02000314	Greenwich 002	LPN	UKPN (London)
E02000371	Hackney 027	LPN	UKPN (London)
E02000564	Islington 011	LPN	UKPN (London)
E02000575	Islington 022	LPN	UKPN (London)
E02000747	Newham 034	LPN	UKPN (London)
E02000751	Redbridge 001	LPN	UKPN (London)
E02000756	Redbridge 006	LPN	UKPN (London)
E02000757	Redbridge 007	LPN	UKPN (London)
E02000759	Redbridge 009	LPN	UKPN (London)
E02000764	Redbridge 014	LPN	UKPN (London)
E02000781	Redbridge 031	LPN	UKPN (London)
E02000784	Richmond upon Thames 001	LPN	UKPN (London)
E02000786	Richmond upon Thames 003	LPN	UKPN (London)
E02000798	Richmond upon Thames 015	SPN	UKPN (South)
E02000850	Sutton 011	SPN	UKPN (South)
E02000924	Wandsworth 002	LPN	UKPN (London)
E02003263	Luton 006	EPN	UKPN (East)
E02003271	Luton 014	EPN	UKPN (East)
E02003273	Luton 016	EPN	UKPN (East)
E02003283	Southend-on-Sea 005	EPN	UKPN (East)
E02003284	Southend-on-Sea 006	EPN	UKPN (East)
E02003285	Southend-on-Sea 007	EPN	UKPN (East)
E02003291	Southend-on-Sea 013	EPN	UKPN (East)
E02003295	Southend-on-Sea 017	EPN	UKPN (East)
E02003737	East Cambridgeshire 006	EPN	UKPN (East)
E02003763	Huntingdonshire 011	EPN	UKPN (East)
E02003780	South Cambridgeshire 006	EPN	UKPN (East)
E02004400	Rother 009	SPN	UKPN (South)
E02004462	Braintree 017	EPN	UKPN (East)
E02004464	Brentwood 001	EPN	UKPN (East)
E02004513	Colchester 008	EPN	UKPN (East)
E02004541	Epping Forest 015	LPN	UKPN (London)
E02004561	Maldon 007	EPN	UKPN (East)
E02004575	Tendring 003	EPN	UKPN (East)
E02004592	Uttlesford 002	EPN	UKPN (East)
E02004595	Uttlesford 005	EPN	UKPN (East)
E02004873	Dacorum 018	EPN	UKPN (East)
E02004912	North Hertfordshire 004	EPN	UKPN (East)
E02005080	Maidstone 013	SPN	UKPN (South)
E02005121	Swale 007	SPN	UKPN (South)
E02005155	Tonbridge and Malling 007	SPN	UKPN (South)
E02005162	Tunbridge Wells 001	SPN	UKPN (South)
E02005525	Broadland 006	EPN	UKPN (East)
E02005585	Norwich 002	EPN	UKPN (East)
E02005587	Norwich 004	EPN	UKPN (East)
E02005588	Norwich 005	EPN	UKPN (East)
E02005589	Norwich 006	EPN	UKPN (East)
E02005594	Norwich 011	EPN	UKPN (East)
E02005597	South Norfolk 001	EPN	UKPN (East)
E02005602	South Norfolk 006	EPN	UKPN (East)
E02005605	South Norfolk 009	EPN	UKPN (East)
E02005611	South Norfolk 015	EPN	UKPN (East)
E02006236	Babergh 010	EPN	UKPN (East)
E02006251	Ipswich 007	EPN	UKPN (East)
E02006270	Mid Suffolk 010	EPN	UKPN (East)
E02006346	Guildford 003	SPN	UKPN (South)
E02006399	Runnymede 007	SPN	UKPN (South)
E02006402	Runnymede 010	SPN	UKPN (South)
E02006451	Waverley 013	SPN	UKPN (South)
E02006460	Woking 005	SPN	UKPN (South)
E02006537	Adur 004	SPN	UKPN (South)
E02006604	Mid Sussex 001	SPN	UKPN (South)
E02006800	Redbridge 034	LPN	UKPN (London)
E02006856	Canterbury 020	SPN	UKPN (South)
E02000001	City of London 001	LPN	UKPN (London)
E02000003	Barking and Dagenham 002	EPN	UKPN (East)
E02000009	Barking and Dagenham 008	LPN	UKPN (London)
E02000014	Barking and Dagenham 013	EPN	UKPN (East)
E02000024	Barnet 001	EPN	UKPN (East)
E02000027	Barnet 004	EPN	UKPN (East)
E02000030	Barnet 007	EPN	UKPN (East)
E02000036	Barnet 013	EPN	UKPN (East)
E02000037	Barnet 014	EPN	UKPN (East)
E02000038	Barnet 015	EPN	UKPN (East)
E02000042	Barnet 019	EPN	UKPN (East)
E02000045	Barnet 022	EPN	UKPN (East)
E02000047	Barnet 024	EPN	UKPN (East)
E02000050	Barnet 027	EPN	UKPN (East)
E02000052	Barnet 029	EPN	UKPN (East)
E02000055	Barnet 032	EPN	UKPN (East)
E02000056	Barnet 033	EPN	UKPN (East)
E02000058	Barnet 035	EPN	UKPN (East)
E02000059	Barnet 036	EPN	UKPN (East)
E02000060	Barnet 037	EPN	UKPN (East)
E02000066	Bexley 002	LPN	UKPN (London)
E02000080	Bexley 016	LPN	UKPN (London)
E02000082	Bexley 018	LPN	UKPN (London)
E02000083	Bexley 019	LPN	UKPN (London)
E02000091	Bexley 027	LPN	UKPN (London)
E02000093	Brent 001	EPN	UKPN (East)
E02000106	Brent 014	LPN	UKPN (London)
E02000107	Brent 015	LPN	UKPN (London)
E02000109	Brent 017	EPN	UKPN (East)
E02000113	Brent 021	LPN	UKPN (London)
E02000117	Brent 025	LPN	UKPN (London)
E02000125	Brent 033	LPN	UKPN (London)
E02000127	Bromley 001	LPN	UKPN (London)
E02000133	Bromley 007	LPN	UKPN (London)
E02000135	Bromley 009	LPN	UKPN (London)
E02000172	Camden 007	LPN	UKPN (London)
E02000202	Croydon 009	SPN	UKPN (South)
E02000204	Croydon 011	SPN	UKPN (South)
E02000206	Croydon 013	SPN	UKPN (South)
E02000215	Croydon 022	SPN	UKPN (South)
E02000230	Croydon 037	SPN	UKPN (South)
E02000279	Enfield 003	EPN	UKPN (East)
E02000288	Enfield 012	EPN	UKPN (East)
E02000292	Enfield 016	EPN	UKPN (East)
E02000297	Enfield 021	EPN	UKPN (East)
E02000301	Enfield 025	EPN	UKPN (East)
E02000307	Enfield 031	EPN	UKPN (East)
E02000309	Enfield 033	EPN	UKPN (East)
E02000311	Enfield 035	EPN	UKPN (East)
E02000312	Enfield 036	EPN	UKPN (East)
E02000319	Greenwich 007	LPN	UKPN (London)
E02000323	Greenwich 011	LPN	UKPN (London)
E02000351	Hackney 007	LPN	UKPN (London)
E02000354	Hackney 010	LPN	UKPN (London)
E02000358	Hackney 014	LPN	UKPN (London)
E02000360	Hackney 016	LPN	UKPN (London)
E02000363	Hackney 019	LPN	UKPN (London)
E02000367	Hackney 023	LPN	UKPN (London)
E02000368	Hackney 024	LPN	UKPN (London)
E02000369	Hackney 025	LPN	UKPN (London)
E02000383	Hammersmith and Fulham 012	LPN	UKPN (London)
E02000392	Hammersmith and Fulham 021	LPN	UKPN (London)
E02000467	Havering 004	EPN	UKPN (East)
E02000472	Havering 009	EPN	UKPN (East)
E02000473	Havering 010	EPN	UKPN (East)
E02000475	Havering 012	EPN	UKPN (East)
E02000477	Havering 014	EPN	UKPN (East)
E02000480	Havering 017	EPN	UKPN (East)
E02000495	Hillingdon 002	EPN	UKPN (East)
E02000554	Islington 001	LPN	UKPN (London)
E02000555	Islington 002	LPN	UKPN (London)
E02000556	Islington 003	LPN	UKPN (London)
E02000559	Islington 006	LPN	UKPN (London)
E02000567	Islington 014	LPN	UKPN (London)
E02000569	Islington 016	LPN	UKPN (London)
E02000601	Kingston upon Thames 004	SPN	UKPN (South)
E02000621	Lambeth 004	LPN	UKPN (London)
E02000628	Lambeth 011	LPN	UKPN (London)
E02000640	Lambeth 023	LPN	UKPN (London)
E02000649	Lambeth 032	LPN	UKPN (London)
E02000664	Lewisham 012	LPN	UKPN (London)
E02000750	Newham 037	LPN	UKPN (London)
E02000785	Richmond upon Thames 002	SPN	UKPN (South)
E02000796	Richmond upon Thames 013	SPN	UKPN (South)
E02000803	Richmond upon Thames 020	SPN	UKPN (South)
E02000805	Richmond upon Thames 022	SPN	UKPN (South)
E02000806	Richmond upon Thames 023	SPN	UKPN (South)
E02000812	Southwark 006	LPN	UKPN (London)
E02000820	Southwark 014	LPN	UKPN (London)
E02000827	Southwark 021	LPN	UKPN (London)
E02000847	Sutton 008	SPN	UKPN (South)
E02000867	Tower Hamlets 004	LPN	UKPN (London)
E02000894	Tower Hamlets 031	LPN	UKPN (London)
E02000901	Waltham Forest 007	LPN	UKPN (London)
E02000907	Waltham Forest 013	LPN	UKPN (London)
E02000910	Waltham Forest 016	LPN	UKPN (London)
E02000921	Waltham Forest 027	LPN	UKPN (London)
E02000922	Waltham Forest 028	LPN	UKPN (London)
E02000926	Wandsworth 004	LPN	UKPN (London)
E02000932	Wandsworth 010	LPN	UKPN (London)
E02000941	Wandsworth 019	LPN	UKPN (London)
E02000942	Wandsworth 020	LPN	UKPN (London)
E02000948	Wandsworth 026	LPN	UKPN (London)
E02000949	Wandsworth 027	LPN	UKPN (London)
E02000957	Wandsworth 035	LPN	UKPN (London)
E02000964	Westminster 005	LPN	UKPN (London)
E02000966	Westminster 007	LPN	UKPN (London)
E02000973	Westminster 014	LPN	UKPN (London)
E02000974	Westminster 015	LPN	UKPN (London)
E02000976	Westminster 017	LPN	UKPN (London)
E02000978	Westminster 019	LPN	UKPN (London)
E02000982	Westminster 023	LPN	UKPN (London)
E02000983	Westminster 024	LPN	UKPN (London)
E02003243	Peterborough 007	EPN	UKPN (East)
E02003249	Peterborough 013	EPN	UKPN (East)
E02003252	Peterborough 016	EPN	UKPN (East)
E02003255	Peterborough 019	EPN	UKPN (East)
E02003257	Peterborough 021	EPN	UKPN (East)
E02003258	Luton 001	EPN	UKPN (East)
E02003260	Luton 003	EPN	UKPN (East)
E02003262	Luton 005	EPN	UKPN (East)
E02003264	Luton 007	EPN	UKPN (East)
E02003265	Luton 008	EPN	UKPN (East)
E02003266	Luton 009	EPN	UKPN (East)
E02003267	Luton 010	EPN	UKPN (East)
E02003268	Luton 011	EPN	UKPN (East)
E02003269	Luton 012	EPN	UKPN (East)
E02003274	Luton 017	EPN	UKPN (East)
E02003275	Luton 018	EPN	UKPN (East)
E02003277	Luton 020	EPN	UKPN (East)
E02003278	Luton 021	EPN	UKPN (East)
E02003279	Southend-on-Sea 001	EPN	UKPN (East)
E02003280	Southend-on-Sea 002	EPN	UKPN (East)
E02003281	Southend-on-Sea 003	EPN	UKPN (East)
E02003282	Southend-on-Sea 004	EPN	UKPN (East)
E02003286	Southend-on-Sea 008	EPN	UKPN (East)
E02003287	Southend-on-Sea 009	EPN	UKPN (East)
E02003288	Southend-on-Sea 010	EPN	UKPN (East)
E02003289	Southend-on-Sea 011	EPN	UKPN (East)
E02003290	Southend-on-Sea 012	EPN	UKPN (East)
E02003292	Southend-on-Sea 014	EPN	UKPN (East)
E02003293	Southend-on-Sea 015	EPN	UKPN (East)
E02003294	Southend-on-Sea 016	EPN	UKPN (East)
E02003301	Thurrock 006	EPN	UKPN (East)
E02003302	Thurrock 007	EPN	UKPN (East)
E02003304	Thurrock 009	EPN	UKPN (East)
E02003307	Thurrock 012	EPN	UKPN (East)
E02003310	Thurrock 015	EPN	UKPN (East)
E02003331	Medway 018	SPN	UKPN (South)
E02003503	Brighton and Hove 013	SPN	UKPN (South)
E02003507	Brighton and Hove 017	SPN	UKPN (South)
E02003515	Brighton and Hove 025	SPN	UKPN (South)
E02003517	Brighton and Hove 027	SPN	UKPN (South)
E02003523	Brighton and Hove 033	SPN	UKPN (South)
E02003603	Central Bedfordshire 005	EPN	UKPN (East)
E02003608	Central Bedfordshire 010	EPN	UKPN (East)
E02003609	Central Bedfordshire 011	EPN	UKPN (East)
E02003612	Central Bedfordshire 014	EPN	UKPN (East)
E02003619	Bedford 004	EPN	UKPN (East)
E02003620	Bedford 005	EPN	UKPN (East)
E02003621	Bedford 006	EPN	UKPN (East)
E02003622	Bedford 007	EPN	UKPN (East)
E02003625	Bedford 010	EPN	UKPN (East)
E02003627	Bedford 012	EPN	UKPN (East)
E02003629	Bedford 014	EPN	UKPN (East)
E02003630	Bedford 015	EPN	UKPN (East)
E02003643	Central Bedfordshire 024	EPN	UKPN (East)
E02003646	Central Bedfordshire 028	EPN	UKPN (East)
E02003659	Aylesbury Vale 008	EPN	UKPN (East)
E02003660	Aylesbury Vale 009	EPN	UKPN (East)
E02003667	Aylesbury Vale 016	EPN	UKPN (East)
E02003668	Aylesbury Vale 017	EPN	UKPN (East)
E02003670	Aylesbury Vale 019	EPN	UKPN (East)
E02003672	Aylesbury Vale 021	EPN	UKPN (East)
E02003673	Aylesbury Vale 022	EPN	UKPN (East)
E02003677	Chiltern 002	EPN	UKPN (East)
E02003680	Chiltern 005	EPN	UKPN (East)
E02003681	Chiltern 006	EPN	UKPN (East)
E02003719	Cambridge 001	EPN	UKPN (East)
E02003720	Cambridge 002	EPN	UKPN (East)
E02003721	Cambridge 003	EPN	UKPN (East)
E02003724	Cambridge 006	EPN	UKPN (East)
E02003729	Cambridge 011	EPN	UKPN (East)
E02003734	East Cambridgeshire 003	EPN	UKPN (East)
E02003735	East Cambridgeshire 004	EPN	UKPN (East)
E02003736	East Cambridgeshire 005	EPN	UKPN (East)
E02003745	Fenland 004	EPN	UKPN (East)
E02003753	Huntingdonshire 001	EPN	UKPN (East)
E02003758	Huntingdonshire 006	EPN	UKPN (East)
E02003768	Huntingdonshire 016	EPN	UKPN (East)
E02003773	Huntingdonshire 021	EPN	UKPN (East)
E02003785	South Cambridgeshire 011	EPN	UKPN (East)
E02003790	South Cambridgeshire 016	EPN	UKPN (East)
E02003791	South Cambridgeshire 017	EPN	UKPN (East)
E02003792	South Cambridgeshire 018	EPN	UKPN (East)
E02004369	Hastings 002	SPN	UKPN (South)
E02004377	Hastings 010	SPN	UKPN (South)
E02004381	Lewes 003	SPN	UKPN (South)
E02004389	Lewes 011	SPN	UKPN (South)
E02004392	Rother 001	SPN	UKPN (South)
E02004398	Rother 007	SPN	UKPN (South)
E02004411	Wealden 009	SPN	UKPN (South)
E02004420	Wealden 018	SPN	UKPN (South)
E02004422	Wealden 020	SPN	UKPN (South)
E02004434	Basildon 011	EPN	UKPN (East)
E02004444	Basildon 021	EPN	UKPN (East)
E02004452	Braintree 007	EPN	UKPN (East)
E02004459	Braintree 014	EPN	UKPN (East)
E02004460	Braintree 015	EPN	UKPN (East)
E02004468	Brentwood 005	EPN	UKPN (East)
E02004470	Brentwood 007	EPN	UKPN (East)
E02004482	Castle Point 010	EPN	UKPN (East)
E02004488	Chelmsford 004	EPN	UKPN (East)
E02004492	Chelmsford 008	EPN	UKPN (East)
E02004493	Chelmsford 009	EPN	UKPN (East)
E02004494	Chelmsford 010	EPN	UKPN (East)
E02004495	Chelmsford 011	EPN	UKPN (East)
E02004498	Chelmsford 014	EPN	UKPN (East)
E02004504	Chelmsford 020	EPN	UKPN (East)
E02004507	Colchester 002	EPN	UKPN (East)
E02004516	Colchester 011	EPN	UKPN (East)
E02004521	Colchester 016	EPN	UKPN (East)
E02004523	Colchester 018	EPN	UKPN (East)
E02004537	Epping Forest 011	LPN	UKPN (London)
E02004538	Epping Forest 012	LPN	UKPN (London)
E02004559	Maldon 005	EPN	UKPN (East)
E02004570	Rochford 008	EPN	UKPN (East)
E02004576	Tendring 004	EPN	UKPN (East)
E02004598	Uttlesford 008	EPN	UKPN (East)
E02004875	Dacorum 020	EPN	UKPN (East)
E02004876	Dacorum 021	EPN	UKPN (East)
E02004880	East Hertfordshire 003	EPN	UKPN (East)
E02004884	East Hertfordshire 007	EPN	UKPN (East)
E02004885	East Hertfordshire 008	EPN	UKPN (East)
E02004889	East Hertfordshire 012	EPN	UKPN (East)
E02004895	East Hertfordshire 018	EPN	UKPN (East)
E02004907	Hertsmere 012	EPN	UKPN (East)
E02004908	Hertsmere 013	EPN	UKPN (East)
E02004910	North Hertfordshire 002	EPN	UKPN (East)
E02004920	North Hertfordshire 012	EPN	UKPN (East)
E02004922	North Hertfordshire 014	EPN	UKPN (East)
E02004923	North Hertfordshire 015	EPN	UKPN (East)
E02004941	St Albans 018	EPN	UKPN (East)
E02004945	Stevenage 002	EPN	UKPN (East)
E02004961	Three Rivers 006	EPN	UKPN (East)
E02004989	Welwyn Hatfield 010	EPN	UKPN (East)
E02004996	Ashford 001	SPN	UKPN (South)
E02004997	Ashford 002	SPN	UKPN (South)
E02005001	Ashford 006	SPN	UKPN (South)
E02005002	Ashford 007	SPN	UKPN (South)
E02005008	Ashford 013	SPN	UKPN (South)
E02005030	Dartford 003	LPN	UKPN (London)
E02005056	Gravesham 002	SPN	UKPN (South)
E02005059	Gravesham 005	SPN	UKPN (South)
E02005070	Maidstone 003	SPN	UKPN (South)
E02005071	Maidstone 004	SPN	UKPN (South)
E02005073	Maidstone 006	SPN	UKPN (South)
E02005075	Maidstone 008	SPN	UKPN (South)
E02005088	Sevenoaks 002	SPN	UKPN (South)
E02005096	Sevenoaks 010	SPN	UKPN (South)
E02005097	Sevenoaks 011	SPN	UKPN (South)
E02005098	Sevenoaks 012	SPN	UKPN (South)
E02005100	Sevenoaks 014	SPN	UKPN (South)
E02005106	Shepway 005	SPN	UKPN (South)
E02005118	Swale 004	SPN	UKPN (South)
E02005127	Swale 013	SPN	UKPN (South)
E02005128	Swale 014	SPN	UKPN (South)
E02005129	Swale 015	SPN	UKPN (South)
E02005149	Tonbridge and Malling 001	SPN	UKPN (South)
E02005154	Tonbridge and Malling 006	SPN	UKPN (South)
E02005160	Tonbridge and Malling 012	SPN	UKPN (South)
E02005507	Breckland 005	EPN	UKPN (East)
E02005512	Breckland 010	EPN	UKPN (East)
E02005518	Breckland 016	EPN	UKPN (East)
E02005521	Broadland 002	EPN	UKPN (East)
E02005533	Broadland 014	EPN	UKPN (East)
E02005538	Great Yarmouth 001	EPN	UKPN (East)
E02005540	Great Yarmouth 003	EPN	UKPN (East)
E02005553	King's Lynn and West Norfolk 003	EPN	UKPN (East)
E02005561	King's Lynn and West Norfolk 011	EPN	UKPN (East)
E02005564	King's Lynn and West Norfolk 014	EPN	UKPN (East)
E02005566	King's Lynn and West Norfolk 016	EPN	UKPN (East)
E02005567	King's Lynn and West Norfolk 017	EPN	UKPN (East)
E02005572	North Norfolk 003	EPN	UKPN (East)
E02005584	Norwich 001	EPN	UKPN (East)
E02005586	Norwich 003	EPN	UKPN (East)
E02005590	Norwich 007	EPN	UKPN (East)
E02005592	Norwich 009	EPN	UKPN (East)
E02005595	Norwich 012	EPN	UKPN (East)
E02005596	Norwich 013	EPN	UKPN (East)
E02005604	South Norfolk 008	EPN	UKPN (East)
E02005607	South Norfolk 011	EPN	UKPN (East)
E02005610	South Norfolk 014	EPN	UKPN (East)
E02006230	Babergh 004	EPN	UKPN (East)
E02006231	Babergh 005	EPN	UKPN (East)
E02006234	Babergh 008	EPN	UKPN (East)
E02006256	Ipswich 012	EPN	UKPN (East)
E02006258	Ipswich 014	EPN	UKPN (East)
E02006260	Ipswich 016	EPN	UKPN (East)
E02006262	Mid Suffolk 002	EPN	UKPN (East)
E02006277	St Edmundsbury 005	EPN	UKPN (East)
E02006278	St Edmundsbury 006	EPN	UKPN (East)
E02006279	St Edmundsbury 007	EPN	UKPN (East)
E02006281	St Edmundsbury 009	EPN	UKPN (East)
E02006286	St Edmundsbury 014	EPN	UKPN (East)
E02006293	Suffolk Coastal 007	EPN	UKPN (East)
E02006298	Suffolk Coastal 012	EPN	UKPN (East)
E02006305	Waveney 004	EPN	UKPN (East)
E02006313	Waveney 012	EPN	UKPN (East)
E02006328	Elmbridge 012	SPN	UKPN (South)
E02006330	Elmbridge 014	SPN	UKPN (South)
E02006333	Elmbridge 017	SPN	UKPN (South)
E02006341	Epsom and Ewell 007	SPN	UKPN (South)
E02006343	Epsom and Ewell 009	SPN	UKPN (South)
E02006344	Guildford 001	SPN	UKPN (South)
E02006348	Guildford 005	SPN	UKPN (South)
E02006356	Guildford 013	SPN	UKPN (South)
E02006376	Reigate and Banstead 002	SPN	UKPN (South)
E02006383	Reigate and Banstead 009	SPN	UKPN (South)
E02006384	Reigate and Banstead 010	SPN	UKPN (South)
E02006431	Tandridge 004	SPN	UKPN (South)
E02006433	Tandridge 006	SPN	UKPN (South)
E02006458	Woking 003	SPN	UKPN (South)
E02006459	Woking 004	SPN	UKPN (South)
E02006534	Adur 001	SPN	UKPN (South)
E02006548	Arun 007	SPN	UKPN (South)
E02006550	Arun 009	SPN	UKPN (South)
E02006578	Crawley 004	SPN	UKPN (South)
E02006583	Crawley 009	SPN	UKPN (South)
E02006593	Horsham 006	SPN	UKPN (South)
E02006596	Horsham 009	SPN	UKPN (South)
E02006600	Horsham 013	SPN	UKPN (South)
E02006611	Mid Sussex 008	SPN	UKPN (South)
E02006612	Mid Sussex 009	SPN	UKPN (South)
E02006614	Mid Sussex 011	SPN	UKPN (South)
E02006617	Mid Sussex 014	SPN	UKPN (South)
E02006620	Mid Sussex 017	SPN	UKPN (South)
E02006826	Forest Heath 008	EPN	UKPN (East)
E02006833	Tonbridge and Malling 014	SPN	UKPN (South)
E02006837	Epsom and Ewell 010	SPN	UKPN (South)
E02006878	Peterborough 023	EPN	UKPN (East)
E02000005	Barking and Dagenham 004	EPN	UKPN (East)
E02000007	Barking and Dagenham 006	EPN	UKPN (East)
E02000010	Barking and Dagenham 009	EPN	UKPN (East)
E02000012	Barking and Dagenham 011	LPN	UKPN (London)
E02000013	Barking and Dagenham 012	LPN	UKPN (London)
E02000017	Barking and Dagenham 016	LPN	UKPN (London)
E02000018	Barking and Dagenham 017	LPN	UKPN (London)
E02000020	Barking and Dagenham 019	LPN	UKPN (London)
E02000021	Barking and Dagenham 020	EPN	UKPN (East)
E02000022	Barking and Dagenham 021	LPN	UKPN (London)
E02000025	Barnet 002	EPN	UKPN (East)
E02000029	Barnet 006	EPN	UKPN (East)
E02000031	Barnet 008	EPN	UKPN (East)
E02000032	Barnet 009	EPN	UKPN (East)
E02000033	Barnet 010	EPN	UKPN (East)
E02000034	Barnet 011	EPN	UKPN (East)
E02000035	Barnet 012	EPN	UKPN (East)
E02000041	Barnet 018	EPN	UKPN (East)
E02000043	Barnet 020	EPN	UKPN (East)
E02000044	Barnet 021	EPN	UKPN (East)
E02000048	Barnet 025	EPN	UKPN (East)
E02000049	Barnet 026	EPN	UKPN (East)
E02000051	Barnet 028	EPN	UKPN (East)
E02000053	Barnet 030	EPN	UKPN (East)
E02000061	Barnet 038	EPN	UKPN (East)
E02000067	Bexley 003	LPN	UKPN (London)
E02000070	Bexley 006	LPN	UKPN (London)
E02000071	Bexley 007	LPN	UKPN (London)
E02000074	Bexley 010	LPN	UKPN (London)
E02000075	Bexley 011	LPN	UKPN (London)
E02000077	Bexley 013	LPN	UKPN (London)
E02000078	Bexley 014	LPN	UKPN (London)
E02000079	Bexley 015	LPN	UKPN (London)
E02000081	Bexley 017	LPN	UKPN (London)
E02000085	Bexley 021	LPN	UKPN (London)
E02000086	Bexley 022	LPN	UKPN (London)
E02000087	Bexley 023	LPN	UKPN (London)
E02000088	Bexley 024	LPN	UKPN (London)
E02000089	Bexley 025	LPN	UKPN (London)
E02000090	Bexley 026	LPN	UKPN (London)
E02000094	Brent 002	EPN	UKPN (East)
E02000095	Brent 003	EPN	UKPN (East)
E02000096	Brent 004	EPN	UKPN (East)
E02000097	Brent 005	EPN	UKPN (East)
E02000098	Brent 006	EPN	UKPN (East)
E02000099	Brent 007	EPN	UKPN (East)
E02000100	Brent 008	EPN	UKPN (East)
E02000101	Brent 009	EPN	UKPN (East)
E02000103	Brent 011	LPN	UKPN (London)
E02000105	Brent 013	EPN	UKPN (East)
E02000110	Brent 018	LPN	UKPN (London)
E02000111	Brent 019	EPN	UKPN (East)
E02000112	Brent 020	EPN	UKPN (East)
E02000114	Brent 022	LPN	UKPN (London)
E02000115	Brent 023	LPN	UKPN (London)
E02000118	Brent 026	EPN	UKPN (East)
E02000120	Brent 028	LPN	UKPN (London)
E02000121	Brent 029	EPN	UKPN (East)
E02000122	Brent 030	LPN	UKPN (London)
E02000124	Brent 032	LPN	UKPN (London)
E02000128	Bromley 002	LPN	UKPN (London)
E02000130	Bromley 004	LPN	UKPN (London)
E02000131	Bromley 005	LPN	UKPN (London)
E02000132	Bromley 006	LPN	UKPN (London)
E02000137	Bromley 011	LPN	UKPN (London)
E02000138	Bromley 012	LPN	UKPN (London)
E02000139	Bromley 013	LPN	UKPN (London)
E02000140	Bromley 014	SPN	UKPN (South)
E02000141	Bromley 015	LPN	UKPN (London)
E02000142	Bromley 016	LPN	UKPN (London)
E02000145	Bromley 019	SPN	UKPN (South)
E02000146	Bromley 020	LPN	UKPN (London)
E02000149	Bromley 023	SPN	UKPN (South)
E02000151	Bromley 025	SPN	UKPN (South)
E02000153	Bromley 027	SPN	UKPN (South)
E02000154	Bromley 028	SPN	UKPN (South)
E02000155	Bromley 029	SPN	UKPN (South)
E02000157	Bromley 031	SPN	UKPN (South)
E02000158	Bromley 032	SPN	UKPN (South)
E02000160	Bromley 034	SPN	UKPN (South)
E02000161	Bromley 035	SPN	UKPN (South)
E02000163	Bromley 037	SPN	UKPN (South)
E02000165	Bromley 039	SPN	UKPN (South)
E02000166	Camden 001	LPN	UKPN (London)
E02000167	Camden 002	LPN	UKPN (London)
E02000168	Camden 003	LPN	UKPN (London)
E02000169	Camden 004	LPN	UKPN (London)
E02000170	Camden 005	LPN	UKPN (London)
E02000171	Camden 006	LPN	UKPN (London)
E02000173	Camden 008	LPN	UKPN (London)
E02000174	Camden 009	LPN	UKPN (London)
E02000175	Camden 010	LPN	UKPN (London)
E02000177	Camden 012	LPN	UKPN (London)
E02000178	Camden 013	LPN	UKPN (London)
E02000180	Camden 015	LPN	UKPN (London)
E02000181	Camden 016	LPN	UKPN (London)
E02000183	Camden 018	LPN	UKPN (London)
E02000184	Camden 019	LPN	UKPN (London)
E02000185	Camden 020	LPN	UKPN (London)
E02000187	Camden 022	LPN	UKPN (London)
E02000188	Camden 023	LPN	UKPN (London)
E02000190	Camden 025	LPN	UKPN (London)
E02000194	Croydon 001	SPN	UKPN (South)
E02000195	Croydon 002	SPN	UKPN (South)
E02000197	Croydon 004	SPN	UKPN (South)
E02000198	Croydon 005	SPN	UKPN (South)
E02000199	Croydon 006	SPN	UKPN (South)
E02000200	Croydon 007	SPN	UKPN (South)
E02000201	Croydon 008	SPN	UKPN (South)
E02000203	Croydon 010	SPN	UKPN (South)
E02000207	Croydon 014	SPN	UKPN (South)
E02000208	Croydon 015	SPN	UKPN (South)
E02000209	Croydon 016	SPN	UKPN (South)
E02000210	Croydon 017	SPN	UKPN (South)
E02000211	Croydon 018	SPN	UKPN (South)
E02000212	Croydon 019	SPN	UKPN (South)
E02000213	Croydon 020	SPN	UKPN (South)
E02000217	Croydon 024	SPN	UKPN (South)
E02000219	Croydon 026	SPN	UKPN (South)
E02000220	Croydon 027	SPN	UKPN (South)
E02000221	Croydon 028	SPN	UKPN (South)
E02000222	Croydon 029	SPN	UKPN (South)
E02000223	Croydon 030	SPN	UKPN (South)
E02000224	Croydon 031	SPN	UKPN (South)
E02000225	Croydon 032	SPN	UKPN (South)
E02000226	Croydon 033	SPN	UKPN (South)
E02000228	Croydon 035	SPN	UKPN (South)
E02000231	Croydon 038	SPN	UKPN (South)
E02000234	Croydon 041	SPN	UKPN (South)
E02000236	Croydon 043	SPN	UKPN (South)
E02000237	Croydon 044	SPN	UKPN (South)
E02000278	Enfield 002	EPN	UKPN (East)
E02000280	Enfield 004	EPN	UKPN (East)
E02000281	Enfield 005	EPN	UKPN (East)
E02000282	Enfield 006	EPN	UKPN (East)
E02000283	Enfield 007	EPN	UKPN (East)
E02000284	Enfield 008	EPN	UKPN (East)
E02000286	Enfield 010	EPN	UKPN (East)
E02000291	Enfield 015	EPN	UKPN (East)
E02000294	Enfield 018	EPN	UKPN (East)
E02000295	Enfield 019	EPN	UKPN (East)
E02000296	Enfield 020	EPN	UKPN (East)
E02000298	Enfield 022	EPN	UKPN (East)
E02000299	Enfield 023	EPN	UKPN (East)
E02000300	Enfield 024	EPN	UKPN (East)
E02000302	Enfield 026	EPN	UKPN (East)
E02000303	Enfield 027	EPN	UKPN (East)
E02000304	Enfield 028	EPN	UKPN (East)
E02000305	Enfield 029	EPN	UKPN (East)
E02000306	Enfield 030	EPN	UKPN (East)
E02000308	Enfield 032	EPN	UKPN (East)
E02000315	Greenwich 003	LPN	UKPN (London)
E02000317	Greenwich 005	LPN	UKPN (London)
E02000318	Greenwich 006	LPN	UKPN (London)
E02000332	Greenwich 020	LPN	UKPN (London)
E02000337	Greenwich 025	LPN	UKPN (London)
E02000341	Greenwich 029	LPN	UKPN (London)
E02000345	Hackney 001	LPN	UKPN (London)
E02000347	Hackney 003	LPN	UKPN (London)
E02000348	Hackney 004	LPN	UKPN (London)
E02000350	Hackney 006	LPN	UKPN (London)
E02000353	Hackney 009	LPN	UKPN (London)
E02000355	Hackney 011	LPN	UKPN (London)
E02000364	Hackney 020	LPN	UKPN (London)
E02000366	Hackney 022	LPN	UKPN (London)
E02000372	Hammersmith and Fulham 001	LPN	UKPN (London)
E02000377	Hammersmith and Fulham 006	LPN	UKPN (London)
E02000381	Hammersmith and Fulham 010	LPN	UKPN (London)
E02000384	Hammersmith and Fulham 013	LPN	UKPN (London)
E02000386	Hammersmith and Fulham 015	LPN	UKPN (London)
E02000388	Hammersmith and Fulham 017	LPN	UKPN (London)
E02000389	Hammersmith and Fulham 018	LPN	UKPN (London)
E02000391	Hammersmith and Fulham 020	LPN	UKPN (London)
E02000394	Hammersmith and Fulham 023	LPN	UKPN (London)
E02000416	Haringey 020	EPN	UKPN (East)
E02000434	Harrow 002	EPN	UKPN (East)
E02000437	Harrow 005	EPN	UKPN (East)
E02000438	Harrow 006	EPN	UKPN (East)
E02000439	Harrow 007	EPN	UKPN (East)
E02000440	Harrow 008	EPN	UKPN (East)
E02000442	Harrow 010	EPN	UKPN (East)
E02000443	Harrow 011	EPN	UKPN (East)
E02000444	Harrow 012	EPN	UKPN (East)
E02000445	Harrow 013	EPN	UKPN (East)
E02000449	Harrow 017	EPN	UKPN (East)
E02000463	Harrow 031	EPN	UKPN (East)
E02000465	Havering 002	EPN	UKPN (East)
E02000466	Havering 003	EPN	UKPN (East)
E02000468	Havering 005	EPN	UKPN (East)
E02000470	Havering 007	EPN	UKPN (East)
E02000471	Havering 008	EPN	UKPN (East)
E02000474	Havering 011	EPN	UKPN (East)
E02000476	Havering 013	EPN	UKPN (East)
E02000479	Havering 016	EPN	UKPN (East)
E02000481	Havering 018	EPN	UKPN (East)
E02000483	Havering 020	EPN	UKPN (East)
E02000484	Havering 021	EPN	UKPN (East)
E02000485	Havering 022	EPN	UKPN (East)
E02000486	Havering 023	EPN	UKPN (East)
E02000487	Havering 024	EPN	UKPN (East)
E02000488	Havering 025	EPN	UKPN (East)
E02000489	Havering 026	EPN	UKPN (East)
E02000490	Havering 027	EPN	UKPN (East)
E02000491	Havering 028	EPN	UKPN (East)
E02000494	Hillingdon 001	EPN	UKPN (East)
E02000497	Hillingdon 004	EPN	UKPN (East)
E02000499	Hillingdon 006	EPN	UKPN (East)
E02000500	Hillingdon 007	EPN	UKPN (East)
E02000501	Hillingdon 008	EPN	UKPN (East)
E02000502	Hillingdon 009	EPN	UKPN (East)
E02000503	Hillingdon 010	EPN	UKPN (East)
E02000557	Islington 004	LPN	UKPN (London)
E02000558	Islington 005	LPN	UKPN (London)
E02000562	Islington 009	LPN	UKPN (London)
E02000563	Islington 010	LPN	UKPN (London)
E02000565	Islington 012	LPN	UKPN (London)
E02000566	Islington 013	LPN	UKPN (London)
E02000568	Islington 015	LPN	UKPN (London)
E02000570	Islington 017	LPN	UKPN (London)
E02000571	Islington 018	LPN	UKPN (London)
E02000572	Islington 019	LPN	UKPN (London)
E02000573	Islington 020	LPN	UKPN (London)
E02000574	Islington 021	LPN	UKPN (London)
E02000576	Islington 023	LPN	UKPN (London)
E02000577	Kensington and Chelsea 001	LPN	UKPN (London)
E02000579	Kensington and Chelsea 003	LPN	UKPN (London)
E02000580	Kensington and Chelsea 004	LPN	UKPN (London)
E02000581	Kensington and Chelsea 005	LPN	UKPN (London)
E02000582	Kensington and Chelsea 006	LPN	UKPN (London)
E02000583	Kensington and Chelsea 007	LPN	UKPN (London)
E02000584	Kensington and Chelsea 008	LPN	UKPN (London)
E02000585	Kensington and Chelsea 009	LPN	UKPN (London)
E02000586	Kensington and Chelsea 010	LPN	UKPN (London)
E02000587	Kensington and Chelsea 011	LPN	UKPN (London)
E02000588	Kensington and Chelsea 012	LPN	UKPN (London)
E02000589	Kensington and Chelsea 013	LPN	UKPN (London)
E02000590	Kensington and Chelsea 014	LPN	UKPN (London)
E02000592	Kensington and Chelsea 016	LPN	UKPN (London)
E02000593	Kensington and Chelsea 017	LPN	UKPN (London)
E02000594	Kensington and Chelsea 018	LPN	UKPN (London)
E02000595	Kensington and Chelsea 019	LPN	UKPN (London)
E02000596	Kensington and Chelsea 020	LPN	UKPN (London)
E02000597	Kensington and Chelsea 021	LPN	UKPN (London)
E02000598	Kingston upon Thames 001	SPN	UKPN (South)
E02000599	Kingston upon Thames 002	LPN	UKPN (London)
E02000602	Kingston upon Thames 005	SPN	UKPN (South)
E02000604	Kingston upon Thames 007	LPN	UKPN (London)
E02000605	Kingston upon Thames 008	LPN	UKPN (London)
E02000606	Kingston upon Thames 009	SPN	UKPN (South)
E02000609	Kingston upon Thames 012	LPN	UKPN (London)
E02000610	Kingston upon Thames 013	SPN	UKPN (South)
E02000611	Kingston upon Thames 014	SPN	UKPN (South)
E02000612	Kingston upon Thames 015	LPN	UKPN (London)
E02000613	Kingston upon Thames 016	SPN	UKPN (South)
E02000614	Kingston upon Thames 017	SPN	UKPN (South)
E02000615	Kingston upon Thames 018	SPN	UKPN (South)
E02000617	Kingston upon Thames 020	SPN	UKPN (South)
E02000619	Lambeth 002	LPN	UKPN (London)
E02000620	Lambeth 003	LPN	UKPN (London)
E02000622	Lambeth 005	LPN	UKPN (London)
E02000623	Lambeth 006	LPN	UKPN (London)
E02000624	Lambeth 007	LPN	UKPN (London)
E02000625	Lambeth 008	LPN	UKPN (London)
E02000626	Lambeth 009	LPN	UKPN (London)
E02000627	Lambeth 010	LPN	UKPN (London)
E02000629	Lambeth 012	LPN	UKPN (London)
E02000630	Lambeth 013	LPN	UKPN (London)
E02000631	Lambeth 014	LPN	UKPN (London)
E02000632	Lambeth 015	LPN	UKPN (London)
E02000633	Lambeth 016	LPN	UKPN (London)
E02000635	Lambeth 018	LPN	UKPN (London)
E02000636	Lambeth 019	LPN	UKPN (London)
E02000637	Lambeth 020	LPN	UKPN (London)
E02000638	Lambeth 021	LPN	UKPN (London)
E02000639	Lambeth 022	LPN	UKPN (London)
E02000641	Lambeth 024	LPN	UKPN (London)
E02000642	Lambeth 025	LPN	UKPN (London)
E02000643	Lambeth 026	LPN	UKPN (London)
E02000644	Lambeth 027	LPN	UKPN (London)
E02000645	Lambeth 028	LPN	UKPN (London)
E02000646	Lambeth 029	LPN	UKPN (London)
E02000647	Lambeth 030	LPN	UKPN (London)
E02000648	Lambeth 031	LPN	UKPN (London)
E02000650	Lambeth 033	LPN	UKPN (London)
E02000651	Lambeth 034	LPN	UKPN (London)
E02000652	Lambeth 035	LPN	UKPN (London)
E02000653	Lewisham 001	LPN	UKPN (London)
E02000654	Lewisham 002	LPN	UKPN (London)
E02000655	Lewisham 003	LPN	UKPN (London)
E02000657	Lewisham 005	LPN	UKPN (London)
E02000658	Lewisham 006	LPN	UKPN (London)
E02000659	Lewisham 007	LPN	UKPN (London)
E02000660	Lewisham 008	LPN	UKPN (London)
E02000662	Lewisham 010	LPN	UKPN (London)
E02000669	Lewisham 017	LPN	UKPN (London)
E02000671	Lewisham 019	LPN	UKPN (London)
E02000672	Lewisham 020	LPN	UKPN (London)
E02000673	Lewisham 021	LPN	UKPN (London)
E02000674	Lewisham 022	LPN	UKPN (London)
E02000675	Lewisham 023	LPN	UKPN (London)
E02000676	Lewisham 024	LPN	UKPN (London)
E02000679	Lewisham 027	LPN	UKPN (London)
E02000681	Lewisham 029	LPN	UKPN (London)
E02000682	Lewisham 030	LPN	UKPN (London)
E02000685	Lewisham 033	LPN	UKPN (London)
E02000687	Lewisham 035	LPN	UKPN (London)
E02000689	Merton 001	LPN	UKPN (London)
E02000691	Merton 003	LPN	UKPN (London)
E02000692	Merton 004	LPN	UKPN (London)
E02000693	Merton 005	LPN	UKPN (London)
E02000694	Merton 006	LPN	UKPN (London)
E02000695	Merton 007	LPN	UKPN (London)
E02000696	Merton 008	LPN	UKPN (London)
E02000697	Merton 009	LPN	UKPN (London)
E02000698	Merton 010	LPN	UKPN (London)
E02000699	Merton 011	LPN	UKPN (London)
E02000700	Merton 012	LPN	UKPN (London)
E02000701	Merton 013	LPN	UKPN (London)
E02000702	Merton 014	LPN	UKPN (London)
E02000703	Merton 015	LPN	UKPN (London)
E02000704	Merton 016	LPN	UKPN (London)
E02000705	Merton 017	LPN	UKPN (London)
E02000706	Merton 018	LPN	UKPN (London)
E02000707	Merton 019	LPN	UKPN (London)
E02000708	Merton 020	LPN	UKPN (London)
E02000709	Merton 021	LPN	UKPN (London)
E02000710	Merton 022	LPN	UKPN (London)
E02000711	Merton 023	LPN	UKPN (London)
E02000712	Merton 024	LPN	UKPN (London)
E02000713	Merton 025	LPN	UKPN (London)
E02000721	Newham 008	LPN	UKPN (London)
E02000723	Newham 010	LPN	UKPN (London)
E02000724	Newham 011	LPN	UKPN (London)
E02000726	Newham 013	LPN	UKPN (London)
E02000728	Newham 015	LPN	UKPN (London)
E02000731	Newham 018	LPN	UKPN (London)
E02000733	Newham 020	LPN	UKPN (London)
E02000736	Newham 023	LPN	UKPN (London)
E02000737	Newham 024	LPN	UKPN (London)
E02000745	Newham 032	LPN	UKPN (London)
E02000749	Newham 036	LPN	UKPN (London)
E02000782	Redbridge 032	LPN	UKPN (London)
E02000787	Richmond upon Thames 004	SPN	UKPN (South)
E02000788	Richmond upon Thames 005	LPN	UKPN (London)
E02000793	Richmond upon Thames 010	SPN	UKPN (South)
E02000807	Southwark 001	LPN	UKPN (London)
E02000808	Southwark 002	LPN	UKPN (London)
E02000810	Southwark 004	LPN	UKPN (London)
E02000813	Southwark 007	LPN	UKPN (London)
E02000814	Southwark 008	LPN	UKPN (London)
E02000816	Southwark 010	LPN	UKPN (London)
E02000819	Southwark 013	LPN	UKPN (London)
E02000821	Southwark 015	LPN	UKPN (London)
E02000822	Southwark 016	LPN	UKPN (London)
E02000823	Southwark 017	LPN	UKPN (London)
E02000824	Southwark 018	LPN	UKPN (London)
E02000825	Southwark 019	LPN	UKPN (London)
E02000826	Southwark 020	LPN	UKPN (London)
E02000829	Southwark 023	LPN	UKPN (London)
E02000830	Southwark 024	LPN	UKPN (London)
E02000831	Southwark 025	LPN	UKPN (London)
E02000832	Southwark 026	LPN	UKPN (London)
E02000833	Southwark 027	LPN	UKPN (London)
E02000834	Southwark 028	LPN	UKPN (London)
E02000836	Southwark 030	LPN	UKPN (London)
E02000837	Southwark 031	LPN	UKPN (London)
E02000838	Southwark 032	LPN	UKPN (London)
E02000839	Southwark 033	LPN	UKPN (London)
E02000840	Sutton 001	SPN	UKPN (South)
E02000841	Sutton 002	SPN	UKPN (South)
E02000842	Sutton 003	SPN	UKPN (South)
E02000843	Sutton 004	SPN	UKPN (South)
E02000844	Sutton 005	SPN	UKPN (South)
E02000845	Sutton 006	SPN	UKPN (South)
E02000848	Sutton 009	SPN	UKPN (South)
E02000849	Sutton 010	SPN	UKPN (South)
E02000851	Sutton 012	SPN	UKPN (South)
E02000852	Sutton 013	SPN	UKPN (South)
E02000853	Sutton 014	SPN	UKPN (South)
E02000854	Sutton 015	SPN	UKPN (South)
E02000855	Sutton 016	SPN	UKPN (South)
E02000856	Sutton 017	SPN	UKPN (South)
E02000857	Sutton 018	SPN	UKPN (South)
E02000858	Sutton 019	SPN	UKPN (South)
E02000859	Sutton 020	SPN	UKPN (South)
E02000860	Sutton 021	SPN	UKPN (South)
E02000861	Sutton 022	SPN	UKPN (South)
E02000866	Tower Hamlets 003	LPN	UKPN (London)
E02000871	Tower Hamlets 008	LPN	UKPN (London)
E02000873	Tower Hamlets 010	LPN	UKPN (London)
E02000875	Tower Hamlets 012	LPN	UKPN (London)
E02000877	Tower Hamlets 014	LPN	UKPN (London)
E02000878	Tower Hamlets 015	LPN	UKPN (London)
E02000884	Tower Hamlets 021	LPN	UKPN (London)
E02000888	Tower Hamlets 025	LPN	UKPN (London)
E02000895	Waltham Forest 001	EPN	UKPN (East)
E02000896	Waltham Forest 002	EPN	UKPN (East)
E02000898	Waltham Forest 004	EPN	UKPN (East)
E02000899	Waltham Forest 005	EPN	UKPN (East)
E02000903	Waltham Forest 009	LPN	UKPN (London)
E02000905	Waltham Forest 011	LPN	UKPN (London)
E02000906	Waltham Forest 012	LPN	UKPN (London)
E02000908	Waltham Forest 014	LPN	UKPN (London)
E02000909	Waltham Forest 015	LPN	UKPN (London)
E02000911	Waltham Forest 017	LPN	UKPN (London)
E02000912	Waltham Forest 018	LPN	UKPN (London)
E02000913	Waltham Forest 019	LPN	UKPN (London)
E02000914	Waltham Forest 020	LPN	UKPN (London)
E02000915	Waltham Forest 021	LPN	UKPN (London)
E02000916	Waltham Forest 022	LPN	UKPN (London)
E02000917	Waltham Forest 023	LPN	UKPN (London)
E02000918	Waltham Forest 024	LPN	UKPN (London)
E02000919	Waltham Forest 025	LPN	UKPN (London)
E02000920	Waltham Forest 026	LPN	UKPN (London)
E02000928	Wandsworth 006	LPN	UKPN (London)
E02000930	Wandsworth 008	LPN	UKPN (London)
E02000931	Wandsworth 009	LPN	UKPN (London)
E02000933	Wandsworth 011	LPN	UKPN (London)
E02000934	Wandsworth 012	LPN	UKPN (London)
E02000936	Wandsworth 014	LPN	UKPN (London)
E02000937	Wandsworth 015	LPN	UKPN (London)
E02000938	Wandsworth 016	LPN	UKPN (London)
E02000939	Wandsworth 017	LPN	UKPN (London)
E02000943	Wandsworth 021	LPN	UKPN (London)
E02000946	Wandsworth 024	LPN	UKPN (London)
E02000947	Wandsworth 025	LPN	UKPN (London)
E02000950	Wandsworth 028	LPN	UKPN (London)
E02000958	Wandsworth 036	LPN	UKPN (London)
E02000961	Westminster 002	LPN	UKPN (London)
E02000962	Westminster 003	LPN	UKPN (London)
E02000963	Westminster 004	LPN	UKPN (London)
E02000965	Westminster 006	LPN	UKPN (London)
E02000969	Westminster 010	LPN	UKPN (London)
E02000970	Westminster 011	LPN	UKPN (London)
E02000971	Westminster 012	LPN	UKPN (London)
E02000972	Westminster 013	LPN	UKPN (London)
E02000975	Westminster 016	LPN	UKPN (London)
E02000979	Westminster 020	LPN	UKPN (London)
E02000980	Westminster 021	LPN	UKPN (London)
E02000981	Westminster 022	LPN	UKPN (London)
E02003242	Peterborough 006	EPN	UKPN (East)
E02003244	Peterborough 008	EPN	UKPN (East)
E02003245	Peterborough 009	EPN	UKPN (East)
E02003246	Peterborough 010	EPN	UKPN (East)
E02003247	Peterborough 011	EPN	UKPN (East)
E02003248	Peterborough 012	EPN	UKPN (East)
E02003250	Peterborough 014	EPN	UKPN (East)
E02003251	Peterborough 015	EPN	UKPN (East)
E02003253	Peterborough 017	EPN	UKPN (East)
E02003254	Peterborough 018	EPN	UKPN (East)
E02003270	Luton 013	EPN	UKPN (East)
E02003272	Luton 015	EPN	UKPN (East)
E02003296	Thurrock 001	EPN	UKPN (East)
E02003297	Thurrock 002	EPN	UKPN (East)
E02003298	Thurrock 003	EPN	UKPN (East)
E02003300	Thurrock 005	EPN	UKPN (East)
E02003303	Thurrock 008	EPN	UKPN (East)
E02003309	Thurrock 014	EPN	UKPN (East)
E02003311	Thurrock 016	EPN	UKPN (East)
E02003316	Medway 003	SPN	UKPN (South)
E02003319	Medway 006	SPN	UKPN (South)
E02003324	Medway 011	SPN	UKPN (South)
E02003326	Medway 013	SPN	UKPN (South)
E02003328	Medway 015	SPN	UKPN (South)
E02003338	Medway 025	SPN	UKPN (South)
E02003340	Medway 027	SPN	UKPN (South)
E02003344	Medway 031	SPN	UKPN (South)
E02003348	Medway 035	SPN	UKPN (South)
E02003349	Medway 036	SPN	UKPN (South)
E02003351	Medway 038	SPN	UKPN (South)
E02003491	Brighton and Hove 001	SPN	UKPN (South)
E02003493	Brighton and Hove 003	SPN	UKPN (South)
E02003495	Brighton and Hove 005	SPN	UKPN (South)
E02003496	Brighton and Hove 006	SPN	UKPN (South)
E02003497	Brighton and Hove 007	SPN	UKPN (South)
E02003498	Brighton and Hove 008	SPN	UKPN (South)
E02003499	Brighton and Hove 009	SPN	UKPN (South)
E02003500	Brighton and Hove 010	SPN	UKPN (South)
E02003501	Brighton and Hove 011	SPN	UKPN (South)
E02003502	Brighton and Hove 012	SPN	UKPN (South)
E02003504	Brighton and Hove 014	SPN	UKPN (South)
E02003505	Brighton and Hove 015	SPN	UKPN (South)
E02003508	Brighton and Hove 018	SPN	UKPN (South)
E02003509	Brighton and Hove 019	SPN	UKPN (South)
E02003510	Brighton and Hove 020	SPN	UKPN (South)
E02003511	Brighton and Hove 021	SPN	UKPN (South)
E02003512	Brighton and Hove 022	SPN	UKPN (South)
E02003514	Brighton and Hove 024	SPN	UKPN (South)
E02003516	Brighton and Hove 026	SPN	UKPN (South)
E02003518	Brighton and Hove 028	SPN	UKPN (South)
E02003519	Brighton and Hove 029	SPN	UKPN (South)
E02003520	Brighton and Hove 030	SPN	UKPN (South)
E02003521	Brighton and Hove 031	SPN	UKPN (South)
E02003601	Central Bedfordshire 003	EPN	UKPN (East)
E02003605	Central Bedfordshire 007	EPN	UKPN (East)
E02003606	Central Bedfordshire 008	EPN	UKPN (East)
E02003607	Central Bedfordshire 009	EPN	UKPN (East)
E02003610	Central Bedfordshire 012	EPN	UKPN (East)
E02003611	Central Bedfordshire 013	EPN	UKPN (East)
E02003614	Central Bedfordshire 016	EPN	UKPN (East)
E02003615	Central Bedfordshire 017	EPN	UKPN (East)
E02003617	Bedford 002	EPN	UKPN (East)
E02003618	Bedford 003	EPN	UKPN (East)
E02003623	Bedford 008	EPN	UKPN (East)
E02003628	Bedford 013	EPN	UKPN (East)
E02003633	Bedford 018	EPN	UKPN (East)
E02003634	Bedford 019	EPN	UKPN (East)
E02003637	Central Bedfordshire 019	EPN	UKPN (East)
E02003638	Central Bedfordshire 020	EPN	UKPN (East)
E02003639	Central Bedfordshire 021	EPN	UKPN (East)
E02003642	Central Bedfordshire 025	EPN	UKPN (East)
E02003644	Central Bedfordshire 026	EPN	UKPN (East)
E02003647	Central Bedfordshire 029	EPN	UKPN (East)
E02003650	Central Bedfordshire 032	EPN	UKPN (East)
E02003658	Aylesbury Vale 007	EPN	UKPN (East)
E02003666	Aylesbury Vale 015	EPN	UKPN (East)
E02003675	Aylesbury Vale 024	EPN	UKPN (East)
E02003682	Chiltern 007	EPN	UKPN (East)
E02003696	Wycombe 001	EPN	UKPN (East)
E02003722	Cambridge 004	EPN	UKPN (East)
E02003725	Cambridge 007	EPN	UKPN (East)
E02003726	Cambridge 008	EPN	UKPN (East)
E02003727	Cambridge 009	EPN	UKPN (East)
E02003728	Cambridge 010	EPN	UKPN (East)
E02003730	Cambridge 012	EPN	UKPN (East)
E02003731	Cambridge 013	EPN	UKPN (East)
E02003732	East Cambridgeshire 001	EPN	UKPN (East)
E02003733	East Cambridgeshire 002	EPN	UKPN (East)
E02003743	Fenland 002	EPN	UKPN (East)
E02003752	Fenland 011	EPN	UKPN (East)
E02003755	Huntingdonshire 003	EPN	UKPN (East)
E02003756	Huntingdonshire 004	EPN	UKPN (East)
E02003760	Huntingdonshire 008	EPN	UKPN (East)
E02003762	Huntingdonshire 010	EPN	UKPN (East)
E02003764	Huntingdonshire 012	EPN	UKPN (East)
E02003772	Huntingdonshire 020	EPN	UKPN (East)
E02003783	South Cambridgeshire 009	EPN	UKPN (East)
E02003784	South Cambridgeshire 010	EPN	UKPN (East)
E02003788	South Cambridgeshire 014	EPN	UKPN (East)
E02003789	South Cambridgeshire 015	EPN	UKPN (East)
E02004356	Eastbourne 001	SPN	UKPN (South)
E02004357	Eastbourne 002	SPN	UKPN (South)
E02004358	Eastbourne 003	SPN	UKPN (South)
E02004359	Eastbourne 004	SPN	UKPN (South)
E02004361	Eastbourne 006	SPN	UKPN (South)
E02004362	Eastbourne 007	SPN	UKPN (South)
E02004364	Eastbourne 009	SPN	UKPN (South)
E02004367	Eastbourne 012	SPN	UKPN (South)
E02004370	Hastings 003	SPN	UKPN (South)
E02004373	Hastings 006	SPN	UKPN (South)
E02004374	Hastings 007	SPN	UKPN (South)
E02004375	Hastings 008	SPN	UKPN (South)
E02004378	Hastings 011	SPN	UKPN (South)
E02004379	Lewes 001	SPN	UKPN (South)
E02004380	Lewes 002	SPN	UKPN (South)
E02004383	Lewes 005	SPN	UKPN (South)
E02004384	Lewes 006	SPN	UKPN (South)
E02004385	Lewes 007	SPN	UKPN (South)
E02004390	Lewes 012	SPN	UKPN (South)
E02004394	Rother 003	SPN	UKPN (South)
E02004395	Rother 004	SPN	UKPN (South)
E02004396	Rother 005	SPN	UKPN (South)
E02004397	Rother 006	SPN	UKPN (South)
E02004399	Rother 008	SPN	UKPN (South)
E02004401	Rother 010	SPN	UKPN (South)
E02004402	Rother 011	SPN	UKPN (South)
E02004407	Wealden 005	SPN	UKPN (South)
E02004408	Wealden 006	SPN	UKPN (South)
E02004412	Wealden 010	SPN	UKPN (South)
E02004413	Wealden 011	SPN	UKPN (South)
E02004416	Wealden 014	SPN	UKPN (South)
E02004421	Wealden 019	SPN	UKPN (South)
E02004423	Wealden 021	SPN	UKPN (South)
E02004424	Basildon 001	EPN	UKPN (East)
E02004425	Basildon 002	EPN	UKPN (East)
E02004426	Basildon 003	EPN	UKPN (East)
E02004427	Basildon 004	EPN	UKPN (East)
E02004429	Basildon 006	EPN	UKPN (East)
E02004430	Basildon 007	EPN	UKPN (East)
E02004431	Basildon 008	EPN	UKPN (East)
E02004433	Basildon 010	EPN	UKPN (East)
E02004435	Basildon 012	EPN	UKPN (East)
E02004436	Basildon 013	EPN	UKPN (East)
E02004437	Basildon 014	EPN	UKPN (East)
E02004438	Basildon 015	EPN	UKPN (East)
E02004439	Basildon 016	EPN	UKPN (East)
E02004440	Basildon 017	EPN	UKPN (East)
E02004441	Basildon 018	EPN	UKPN (East)
E02004442	Basildon 019	EPN	UKPN (East)
E02004443	Basildon 020	EPN	UKPN (East)
E02004445	Basildon 022	EPN	UKPN (East)
E02004449	Braintree 004	EPN	UKPN (East)
E02004451	Braintree 006	EPN	UKPN (East)
E02004454	Braintree 009	EPN	UKPN (East)
E02004456	Braintree 011	EPN	UKPN (East)
E02004457	Braintree 012	EPN	UKPN (East)
E02004458	Braintree 013	EPN	UKPN (East)
E02004463	Braintree 018	EPN	UKPN (East)
E02004466	Brentwood 003	EPN	UKPN (East)
E02004467	Brentwood 004	EPN	UKPN (East)
E02004471	Brentwood 008	EPN	UKPN (East)
E02004473	Castle Point 001	EPN	UKPN (East)
E02004474	Castle Point 002	EPN	UKPN (East)
E02004476	Castle Point 004	EPN	UKPN (East)
E02004479	Castle Point 007	EPN	UKPN (East)
E02004480	Castle Point 008	EPN	UKPN (East)
E02004483	Castle Point 011	EPN	UKPN (East)
E02004484	Castle Point 012	EPN	UKPN (East)
E02004486	Chelmsford 002	EPN	UKPN (East)
E02004487	Chelmsford 003	EPN	UKPN (East)
E02004489	Chelmsford 005	EPN	UKPN (East)
E02004490	Chelmsford 006	EPN	UKPN (East)
E02004491	Chelmsford 007	EPN	UKPN (East)
E02004496	Chelmsford 012	EPN	UKPN (East)
E02004497	Chelmsford 013	EPN	UKPN (East)
E02004499	Chelmsford 015	EPN	UKPN (East)
E02004500	Chelmsford 016	EPN	UKPN (East)
E02004501	Chelmsford 017	EPN	UKPN (East)
E02004503	Chelmsford 019	EPN	UKPN (East)
E02004512	Colchester 007	EPN	UKPN (East)
E02004515	Colchester 010	EPN	UKPN (East)
E02004517	Colchester 012	EPN	UKPN (East)
E02004519	Colchester 014	EPN	UKPN (East)
E02004520	Colchester 015	EPN	UKPN (East)
E02004522	Colchester 017	EPN	UKPN (East)
E02004524	Colchester 019	EPN	UKPN (East)
E02004525	Colchester 020	EPN	UKPN (East)
E02004526	Colchester 021	EPN	UKPN (East)
E02004527	Epping Forest 001	EPN	UKPN (East)
E02004528	Epping Forest 002	EPN	UKPN (East)
E02004533	Epping Forest 007	EPN	UKPN (East)
E02004534	Epping Forest 008	EPN	UKPN (East)
E02004539	Epping Forest 013	LPN	UKPN (London)
E02004545	Harlow 002	EPN	UKPN (East)
E02004546	Harlow 003	EPN	UKPN (East)
E02004547	Harlow 004	EPN	UKPN (East)
E02004548	Harlow 005	EPN	UKPN (East)
E02004549	Harlow 006	EPN	UKPN (East)
E02004550	Harlow 007	EPN	UKPN (East)
E02004551	Harlow 008	EPN	UKPN (East)
E02004552	Harlow 009	EPN	UKPN (East)
E02004553	Harlow 010	EPN	UKPN (East)
E02004554	Harlow 011	EPN	UKPN (East)
E02004557	Maldon 003	EPN	UKPN (East)
E02004560	Maldon 006	EPN	UKPN (East)
E02004562	Maldon 008	EPN	UKPN (East)
E02004564	Rochford 002	EPN	UKPN (East)
E02004567	Rochford 005	EPN	UKPN (East)
E02004568	Rochford 006	EPN	UKPN (East)
E02004569	Rochford 007	EPN	UKPN (East)
E02004571	Rochford 009	EPN	UKPN (East)
E02004572	Rochford 010	EPN	UKPN (East)
E02004578	Tendring 006	EPN	UKPN (East)
E02004579	Tendring 007	EPN	UKPN (East)
E02004583	Tendring 011	EPN	UKPN (East)
E02004585	Tendring 013	EPN	UKPN (East)
E02004586	Tendring 014	EPN	UKPN (East)
E02004587	Tendring 015	EPN	UKPN (East)
E02004589	Tendring 017	EPN	UKPN (East)
E02004590	Tendring 018	EPN	UKPN (East)
E02004593	Uttlesford 003	EPN	UKPN (East)
E02004597	Uttlesford 007	EPN	UKPN (East)
E02004844	Broxbourne 002	EPN	UKPN (East)
E02004847	Broxbourne 005	EPN	UKPN (East)
E02004850	Broxbourne 008	EPN	UKPN (East)
E02004852	Broxbourne 010	EPN	UKPN (East)
E02004862	Dacorum 007	EPN	UKPN (East)
E02004863	Dacorum 008	EPN	UKPN (East)
E02004870	Dacorum 015	EPN	UKPN (East)
E02004872	Dacorum 017	EPN	UKPN (East)
E02004879	East Hertfordshire 002	EPN	UKPN (East)
E02004882	East Hertfordshire 005	EPN	UKPN (East)
E02004888	East Hertfordshire 011	EPN	UKPN (East)
E02004890	East Hertfordshire 013	EPN	UKPN (East)
E02004891	East Hertfordshire 014	EPN	UKPN (East)
E02004894	East Hertfordshire 017	EPN	UKPN (East)
E02004896	Hertsmere 001	EPN	UKPN (East)
E02004898	Hertsmere 003	EPN	UKPN (East)
E02004900	Hertsmere 005	EPN	UKPN (East)
E02004901	Hertsmere 006	EPN	UKPN (East)
E02004902	Hertsmere 007	EPN	UKPN (East)
E02004906	Hertsmere 011	EPN	UKPN (East)
E02004914	North Hertfordshire 006	EPN	UKPN (East)
E02004916	North Hertfordshire 008	EPN	UKPN (East)
E02004917	North Hertfordshire 009	EPN	UKPN (East)
E02004918	North Hertfordshire 010	EPN	UKPN (East)
E02004919	North Hertfordshire 011	EPN	UKPN (East)
E02004921	North Hertfordshire 013	EPN	UKPN (East)
E02004924	St Albans 001	EPN	UKPN (East)
E02004925	St Albans 002	EPN	UKPN (East)
E02004926	St Albans 003	EPN	UKPN (East)
E02004940	St Albans 017	EPN	UKPN (East)
E02004943	St Albans 020	EPN	UKPN (East)
E02004949	Stevenage 006	EPN	UKPN (East)
E02004952	Stevenage 009	EPN	UKPN (East)
E02004956	Three Rivers 001	EPN	UKPN (East)
E02004957	Three Rivers 002	EPN	UKPN (East)
E02004962	Three Rivers 007	EPN	UKPN (East)
E02004969	Watford 002	EPN	UKPN (East)
E02004970	Watford 003	EPN	UKPN (East)
E02004971	Watford 004	EPN	UKPN (East)
E02004977	Watford 010	EPN	UKPN (East)
E02004978	Watford 011	EPN	UKPN (East)
E02004981	Welwyn Hatfield 002	EPN	UKPN (East)
E02004986	Welwyn Hatfield 007	EPN	UKPN (East)
E02004992	Welwyn Hatfield 013	EPN	UKPN (East)
E02005000	Ashford 005	SPN	UKPN (South)
E02005003	Ashford 008	SPN	UKPN (South)
E02005007	Ashford 012	SPN	UKPN (South)
E02005010	Canterbury 001	SPN	UKPN (South)
E02005012	Canterbury 003	SPN	UKPN (South)
E02005013	Canterbury 004	SPN	UKPN (South)
E02005014	Canterbury 005	SPN	UKPN (South)
E02005015	Canterbury 006	SPN	UKPN (South)
E02005016	Canterbury 007	SPN	UKPN (South)
E02005017	Canterbury 008	SPN	UKPN (South)
E02005018	Canterbury 009	SPN	UKPN (South)
E02005020	Canterbury 011	SPN	UKPN (South)
E02005022	Canterbury 013	SPN	UKPN (South)
E02005023	Canterbury 014	SPN	UKPN (South)
E02005025	Canterbury 016	SPN	UKPN (South)
E02005034	Dartford 007	LPN	UKPN (London)
E02005039	Dartford 012	SPN	UKPN (South)
E02005042	Dover 002	SPN	UKPN (South)
E02005043	Dover 003	SPN	UKPN (South)
E02005045	Dover 005	SPN	UKPN (South)
E02005047	Dover 007	SPN	UKPN (South)
E02005050	Dover 010	SPN	UKPN (South)
E02005052	Dover 012	SPN	UKPN (South)
E02005053	Dover 013	SPN	UKPN (South)
E02005057	Gravesham 003	SPN	UKPN (South)
E02005058	Gravesham 004	SPN	UKPN (South)
E02005060	Gravesham 006	SPN	UKPN (South)
E02005061	Gravesham 007	SPN	UKPN (South)
E02005062	Gravesham 008	SPN	UKPN (South)
E02005064	Gravesham 010	SPN	UKPN (South)
E02005065	Gravesham 011	SPN	UKPN (South)
E02005066	Gravesham 012	SPN	UKPN (South)
E02005068	Maidstone 001	SPN	UKPN (South)
E02005069	Maidstone 002	SPN	UKPN (South)
E02005072	Maidstone 005	SPN	UKPN (South)
E02005074	Maidstone 007	SPN	UKPN (South)
E02005076	Maidstone 009	SPN	UKPN (South)
E02005077	Maidstone 010	SPN	UKPN (South)
E02005079	Maidstone 012	SPN	UKPN (South)
E02005082	Maidstone 015	SPN	UKPN (South)
E02005087	Sevenoaks 001	SPN	UKPN (South)
E02005094	Sevenoaks 008	SPN	UKPN (South)
E02005095	Sevenoaks 009	SPN	UKPN (South)
E02005099	Sevenoaks 013	SPN	UKPN (South)
E02005103	Shepway 002	SPN	UKPN (South)
E02005104	Shepway 003	SPN	UKPN (South)
E02005105	Shepway 004	SPN	UKPN (South)
E02005111	Shepway 010	SPN	UKPN (South)
E02005112	Shepway 011	SPN	UKPN (South)
E02005122	Swale 008	SPN	UKPN (South)
E02005123	Swale 009	SPN	UKPN (South)
E02005124	Swale 010	SPN	UKPN (South)
E02005125	Swale 011	SPN	UKPN (South)
E02005126	Swale 012	SPN	UKPN (South)
E02005130	Swale 016	SPN	UKPN (South)
E02005132	Thanet 001	SPN	UKPN (South)
E02005133	Thanet 002	SPN	UKPN (South)
E02005134	Thanet 003	SPN	UKPN (South)
E02005135	Thanet 004	SPN	UKPN (South)
E02005136	Thanet 005	SPN	UKPN (South)
E02005137	Thanet 006	SPN	UKPN (South)
E02005138	Thanet 007	SPN	UKPN (South)
E02005139	Thanet 008	SPN	UKPN (South)
E02005140	Thanet 009	SPN	UKPN (South)
E02005141	Thanet 010	SPN	UKPN (South)
E02005142	Thanet 011	SPN	UKPN (South)
E02005143	Thanet 012	SPN	UKPN (South)
E02005144	Thanet 013	SPN	UKPN (South)
E02005146	Thanet 015	SPN	UKPN (South)
E02005147	Thanet 016	SPN	UKPN (South)
E02005148	Thanet 017	SPN	UKPN (South)
E02005150	Tonbridge and Malling 002	SPN	UKPN (South)
E02005153	Tonbridge and Malling 005	SPN	UKPN (South)
E02005157	Tonbridge and Malling 009	SPN	UKPN (South)
E02005159	Tonbridge and Malling 011	SPN	UKPN (South)
E02005161	Tonbridge and Malling 013	SPN	UKPN (South)
E02005163	Tunbridge Wells 002	SPN	UKPN (South)
E02005164	Tunbridge Wells 003	SPN	UKPN (South)
E02005165	Tunbridge Wells 004	SPN	UKPN (South)
E02005167	Tunbridge Wells 006	SPN	UKPN (South)
E02005170	Tunbridge Wells 009	SPN	UKPN (South)
E02005172	Tunbridge Wells 011	SPN	UKPN (South)
E02005173	Tunbridge Wells 012	SPN	UKPN (South)
E02005174	Tunbridge Wells 013	SPN	UKPN (South)
E02005175	Tunbridge Wells 014	SPN	UKPN (South)
E02005508	Breckland 006	EPN	UKPN (East)
E02005509	Breckland 007	EPN	UKPN (East)
E02005510	Breckland 008	EPN	UKPN (East)
E02005511	Breckland 009	EPN	UKPN (East)
E02005513	Breckland 011	EPN	UKPN (East)
E02005519	Breckland 017	EPN	UKPN (East)
E02005520	Broadland 001	EPN	UKPN (East)
E02005523	Broadland 004	EPN	UKPN (East)
E02005527	Broadland 008	EPN	UKPN (East)
E02005528	Broadland 009	EPN	UKPN (East)
E02005532	Broadland 013	EPN	UKPN (East)
E02005534	Broadland 015	EPN	UKPN (East)
E02005539	Great Yarmouth 002	EPN	UKPN (East)
E02005543	Great Yarmouth 006	EPN	UKPN (East)
E02005546	Great Yarmouth 009	EPN	UKPN (East)
E02005547	Great Yarmouth 010	EPN	UKPN (East)
E02005548	Great Yarmouth 011	EPN	UKPN (East)
E02005555	King's Lynn and West Norfolk 005	EPN	UKPN (East)
E02005556	King's Lynn and West Norfolk 006	EPN	UKPN (East)
E02005563	King's Lynn and West Norfolk 013	EPN	UKPN (East)
E02005569	King's Lynn and West Norfolk 019	EPN	UKPN (East)
E02005580	North Norfolk 011	EPN	UKPN (East)
E02005581	North Norfolk 012	EPN	UKPN (East)
E02005583	North Norfolk 014	EPN	UKPN (East)
E02005593	Norwich 010	EPN	UKPN (East)
E02005598	South Norfolk 002	EPN	UKPN (East)
E02005603	South Norfolk 007	EPN	UKPN (East)
E02005608	South Norfolk 012	EPN	UKPN (East)
E02005962	South Oxfordshire 005	EPN	UKPN (East)
E02006238	Forest Heath 001	EPN	UKPN (East)
E02006240	Forest Heath 003	EPN	UKPN (East)
E02006241	Forest Heath 004	EPN	UKPN (East)
E02006242	Forest Heath 005	EPN	UKPN (East)
E02006243	Forest Heath 006	EPN	UKPN (East)
E02006245	Ipswich 001	EPN	UKPN (East)
E02006246	Ipswich 002	EPN	UKPN (East)
E02006247	Ipswich 003	EPN	UKPN (East)
E02006248	Ipswich 004	EPN	UKPN (East)
E02006249	Ipswich 005	EPN	UKPN (East)
E02006250	Ipswich 006	EPN	UKPN (East)
E02006252	Ipswich 008	EPN	UKPN (East)
E02006253	Ipswich 009	EPN	UKPN (East)
E02006254	Ipswich 010	EPN	UKPN (East)
E02006255	Ipswich 011	EPN	UKPN (East)
E02006257	Ipswich 013	EPN	UKPN (East)
E02006259	Ipswich 015	EPN	UKPN (East)
E02006264	Mid Suffolk 004	EPN	UKPN (East)
E02006266	Mid Suffolk 006	EPN	UKPN (East)
E02006271	Mid Suffolk 011	EPN	UKPN (East)
E02006272	Mid Suffolk 012	EPN	UKPN (East)
E02006273	St Edmundsbury 001	EPN	UKPN (East)
E02006275	St Edmundsbury 003	EPN	UKPN (East)
E02006280	St Edmundsbury 008	EPN	UKPN (East)
E02006288	Suffolk Coastal 002	EPN	UKPN (East)
E02006289	Suffolk Coastal 003	EPN	UKPN (East)
E02006290	Suffolk Coastal 004	EPN	UKPN (East)
E02006295	Suffolk Coastal 009	EPN	UKPN (East)
E02006297	Suffolk Coastal 011	EPN	UKPN (East)
E02006299	Suffolk Coastal 013	EPN	UKPN (East)
E02006300	Suffolk Coastal 014	EPN	UKPN (East)
E02006302	Waveney 001	EPN	UKPN (East)
E02006303	Waveney 002	EPN	UKPN (East)
E02006304	Waveney 003	EPN	UKPN (East)
E02006306	Waveney 005	EPN	UKPN (East)
E02006307	Waveney 006	EPN	UKPN (East)
E02006308	Waveney 007	EPN	UKPN (East)
E02006309	Waveney 008	EPN	UKPN (East)
E02006311	Waveney 010	EPN	UKPN (East)
E02006312	Waveney 011	EPN	UKPN (East)
E02006324	Elmbridge 008	SPN	UKPN (South)
E02006325	Elmbridge 009	SPN	UKPN (South)
E02006334	Elmbridge 018	SPN	UKPN (South)
E02006335	Epsom and Ewell 001	SPN	UKPN (South)
E02006337	Epsom and Ewell 003	SPN	UKPN (South)
E02006351	Guildford 008	SPN	UKPN (South)
E02006354	Guildford 011	SPN	UKPN (South)
E02006362	Mole Valley 001	SPN	UKPN (South)
E02006366	Mole Valley 005	SPN	UKPN (South)
E02006378	Reigate and Banstead 004	SPN	UKPN (South)
E02006380	Reigate and Banstead 006	SPN	UKPN (South)
E02006385	Reigate and Banstead 011	SPN	UKPN (South)
E02006386	Reigate and Banstead 012	SPN	UKPN (South)
E02006388	Reigate and Banstead 014	SPN	UKPN (South)
E02006389	Reigate and Banstead 015	SPN	UKPN (South)
E02006390	Reigate and Banstead 016	SPN	UKPN (South)
E02006392	Reigate and Banstead 018	SPN	UKPN (South)
E02006398	Runnymede 006	SPN	UKPN (South)
E02006401	Runnymede 009	SPN	UKPN (South)
E02006430	Tandridge 003	SPN	UKPN (South)
E02006437	Tandridge 010	SPN	UKPN (South)
E02006438	Tandridge 011	SPN	UKPN (South)
E02006456	Woking 001	SPN	UKPN (South)
E02006457	Woking 002	SPN	UKPN (South)
E02006462	Woking 007	SPN	UKPN (South)
E02006463	Woking 008	SPN	UKPN (South)
E02006466	Woking 011	SPN	UKPN (South)
E02006467	Woking 012	SPN	UKPN (South)
E02006535	Adur 002	SPN	UKPN (South)
E02006536	Adur 003	SPN	UKPN (South)
E02006538	Adur 005	SPN	UKPN (South)
E02006539	Adur 006	SPN	UKPN (South)
E02006541	Adur 008	SPN	UKPN (South)
E02006545	Arun 004	SPN	UKPN (South)
E02006546	Arun 005	SPN	UKPN (South)
E02006551	Arun 010	SPN	UKPN (South)
E02006575	Crawley 001	SPN	UKPN (South)
E02006576	Crawley 002	SPN	UKPN (South)
E02006577	Crawley 003	SPN	UKPN (South)
E02006579	Crawley 005	SPN	UKPN (South)
E02006580	Crawley 006	SPN	UKPN (South)
E02006581	Crawley 007	SPN	UKPN (South)
E02006584	Crawley 010	SPN	UKPN (South)
E02006585	Crawley 011	SPN	UKPN (South)
E02006586	Crawley 012	SPN	UKPN (South)
E02006587	Crawley 013	SPN	UKPN (South)
E02006590	Horsham 003	SPN	UKPN (South)
E02006591	Horsham 004	SPN	UKPN (South)
E02006595	Horsham 008	SPN	UKPN (South)
E02006601	Horsham 014	SPN	UKPN (South)
E02006602	Horsham 015	SPN	UKPN (South)
E02006603	Horsham 016	SPN	UKPN (South)
E02006606	Mid Sussex 003	SPN	UKPN (South)
E02006607	Mid Sussex 004	SPN	UKPN (South)
E02006613	Mid Sussex 010	SPN	UKPN (South)
E02006616	Mid Sussex 013	SPN	UKPN (South)
E02006619	Mid Sussex 016	SPN	UKPN (South)
E02006621	Worthing 001	SPN	UKPN (South)
E02006622	Worthing 002	SPN	UKPN (South)
E02006623	Worthing 003	SPN	UKPN (South)
E02006624	Worthing 004	SPN	UKPN (South)
E02006625	Worthing 005	SPN	UKPN (South)
E02006626	Worthing 006	SPN	UKPN (South)
E02006627	Worthing 007	SPN	UKPN (South)
E02006628	Worthing 008	SPN	UKPN (South)
E02006629	Worthing 009	SPN	UKPN (South)
E02006630	Worthing 010	SPN	UKPN (South)
E02006631	Worthing 011	SPN	UKPN (South)
E02006632	Worthing 012	SPN	UKPN (South)
E02006633	Worthing 013	SPN	UKPN (South)
E02006782	Bromley 040	LPN	UKPN (London)
E02006783	Lewisham 037	LPN	UKPN (London)
E02006784	Lewisham 038	LPN	UKPN (London)
E02006787	Bromley 041	LPN	UKPN (London)
E02006788	Croydon 045	SPN	UKPN (South)
E02006793	Enfield 037	EPN	UKPN (East)
E02006795	Harrow 032	EPN	UKPN (East)
E02006796	Hillingdon 033	EPN	UKPN (East)
E02006798	Lewisham 039	LPN	UKPN (London)
E02006801	Lambeth 036	LPN	UKPN (London)
E02006802	Southwark 034	LPN	UKPN (London)
E02006836	Sutton 025	SPN	UKPN (South)
E02006853	Tower Hamlets 032	LPN	UKPN (London)
E02006857	Eastbourne 013	SPN	UKPN (South)
E02006873	South Cambridgeshire 020	EPN	UKPN (East)
E02006874	South Cambridgeshire 021	EPN	UKPN (East)
E02006877	Peterborough 022	EPN	UKPN (East)
E02006918	Hackney 028	LPN	UKPN (London)
E02006926	Thurrock 020	EPN	UKPN (East)
E02006927	Greenwich 034	LPN	UKPN (London)
E02006929	Greenwich 036	LPN	UKPN (London)
E02006931	Greenwich 038	LPN	UKPN (London)
E02000004	Barking and Dagenham 003	EPN	UKPN (East)
E02000011	Barking and Dagenham 010	EPN	UKPN (East)
E02000015	Barking and Dagenham 014	EPN	UKPN (East)
E02000016	Barking and Dagenham 015	LPN	UKPN (London)
E02000023	Barking and Dagenham 022	LPN	UKPN (London)
E02000026	Barnet 003	EPN	UKPN (East)
E02000028	Barnet 005	EPN	UKPN (East)
E02000039	Barnet 016	EPN	UKPN (East)
E02000040	Barnet 017	EPN	UKPN (East)
E02000046	Barnet 023	EPN	UKPN (East)
E02000054	Barnet 031	EPN	UKPN (East)
E02000057	Barnet 034	EPN	UKPN (East)
E02000062	Barnet 039	EPN	UKPN (East)
E02000063	Barnet 040	EPN	UKPN (East)
E02000064	Barnet 041	EPN	UKPN (East)
E02000065	Bexley 001	LPN	UKPN (London)
E02000068	Bexley 004	LPN	UKPN (London)
E02000069	Bexley 005	LPN	UKPN (London)
E02000104	Brent 012	EPN	UKPN (East)
E02000108	Brent 016	EPN	UKPN (East)
E02000116	Brent 024	LPN	UKPN (London)
E02000119	Brent 027	LPN	UKPN (London)
E02000126	Brent 034	LPN	UKPN (London)
E02000136	Bromley 010	SPN	UKPN (South)
E02000144	Bromley 018	LPN	UKPN (London)
E02000147	Bromley 021	LPN	UKPN (London)
E02000150	Bromley 024	LPN	UKPN (London)
E02000152	Bromley 026	LPN	UKPN (London)
E02000162	Bromley 036	SPN	UKPN (South)
E02000176	Camden 011	LPN	UKPN (London)
E02000179	Camden 014	LPN	UKPN (London)
E02000182	Camden 017	LPN	UKPN (London)
E02000186	Camden 021	LPN	UKPN (London)
E02000189	Camden 024	LPN	UKPN (London)
E02000191	Camden 026	LPN	UKPN (London)
E02000192	Camden 027	LPN	UKPN (London)
E02000193	Camden 028	LPN	UKPN (London)
E02000196	Croydon 003	SPN	UKPN (South)
E02000214	Croydon 021	SPN	UKPN (South)
E02000216	Croydon 023	SPN	UKPN (South)
E02000218	Croydon 025	SPN	UKPN (South)
E02000229	Croydon 036	SPN	UKPN (South)
E02000232	Croydon 039	SPN	UKPN (South)
E02000233	Croydon 040	SPN	UKPN (South)
E02000235	Croydon 042	SPN	UKPN (South)
E02000239	Ealing 002	EPN	UKPN (East)
E02000277	Enfield 001	EPN	UKPN (East)
E02000285	Enfield 009	EPN	UKPN (East)
E02000287	Enfield 011	EPN	UKPN (East)
E02000289	Enfield 013	EPN	UKPN (East)
E02000290	Enfield 014	EPN	UKPN (East)
E02000293	Enfield 017	EPN	UKPN (East)
E02000313	Greenwich 001	LPN	UKPN (London)
E02000320	Greenwich 008	LPN	UKPN (London)
E02000321	Greenwich 009	LPN	UKPN (London)
E02000324	Greenwich 012	LPN	UKPN (London)
E02000326	Greenwich 014	LPN	UKPN (London)
E02000327	Greenwich 015	LPN	UKPN (London)
E02000328	Greenwich 016	LPN	UKPN (London)
E02000329	Greenwich 017	LPN	UKPN (London)
E02000331	Greenwich 019	LPN	UKPN (London)
E02000333	Greenwich 021	LPN	UKPN (London)
E02000334	Greenwich 022	LPN	UKPN (London)
E02000335	Greenwich 023	LPN	UKPN (London)
E02000339	Greenwich 027	LPN	UKPN (London)
E02000340	Greenwich 028	LPN	UKPN (London)
E02000343	Greenwich 031	LPN	UKPN (London)
E02000344	Greenwich 032	LPN	UKPN (London)
E02000346	Hackney 002	LPN	UKPN (London)
E02000352	Hackney 008	LPN	UKPN (London)
E02000356	Hackney 012	LPN	UKPN (London)
E02000357	Hackney 013	LPN	UKPN (London)
E02000359	Hackney 015	LPN	UKPN (London)
E02000361	Hackney 017	LPN	UKPN (London)
E02000362	Hackney 018	LPN	UKPN (London)
E02000370	Hackney 026	LPN	UKPN (London)
E02000373	Hammersmith and Fulham 002	LPN	UKPN (London)
E02000374	Hammersmith and Fulham 003	LPN	UKPN (London)
E02000375	Hammersmith and Fulham 004	LPN	UKPN (London)
E02000376	Hammersmith and Fulham 005	LPN	UKPN (London)
E02000378	Hammersmith and Fulham 007	LPN	UKPN (London)
E02000379	Hammersmith and Fulham 008	LPN	UKPN (London)
E02000380	Hammersmith and Fulham 009	LPN	UKPN (London)
E02000382	Hammersmith and Fulham 011	LPN	UKPN (London)
E02000385	Hammersmith and Fulham 014	LPN	UKPN (London)
E02000387	Hammersmith and Fulham 016	LPN	UKPN (London)
E02000390	Hammersmith and Fulham 019	LPN	UKPN (London)
E02000393	Hammersmith and Fulham 022	LPN	UKPN (London)
E02000395	Hammersmith and Fulham 024	LPN	UKPN (London)
E02000396	Hammersmith and Fulham 025	LPN	UKPN (London)
E02000397	Haringey 001	EPN	UKPN (East)
E02000398	Haringey 002	EPN	UKPN (East)
E02000400	Haringey 004	EPN	UKPN (East)
E02000401	Haringey 005	EPN	UKPN (East)
E02000402	Haringey 006	EPN	UKPN (East)
E02000403	Haringey 007	EPN	UKPN (East)
E02000404	Haringey 008	EPN	UKPN (East)
E02000405	Haringey 009	EPN	UKPN (East)
E02000406	Haringey 010	EPN	UKPN (East)
E02000407	Haringey 011	EPN	UKPN (East)
E02000408	Haringey 012	EPN	UKPN (East)
E02000409	Haringey 013	EPN	UKPN (East)
E02000410	Haringey 014	EPN	UKPN (East)
E02000411	Haringey 015	EPN	UKPN (East)
E02000412	Haringey 016	EPN	UKPN (East)
E02000413	Haringey 017	EPN	UKPN (East)
E02000414	Haringey 018	EPN	UKPN (East)
E02000415	Haringey 019	EPN	UKPN (East)
E02000417	Haringey 021	EPN	UKPN (East)
E02000418	Haringey 022	EPN	UKPN (East)
E02000419	Haringey 023	EPN	UKPN (East)
E02000420	Haringey 024	EPN	UKPN (East)
E02000421	Haringey 025	EPN	UKPN (East)
E02000422	Haringey 026	EPN	UKPN (East)
E02000423	Haringey 027	EPN	UKPN (East)
E02000424	Haringey 028	EPN	UKPN (East)
E02000425	Haringey 029	EPN	UKPN (East)
E02000426	Haringey 030	EPN	UKPN (East)
E02000427	Haringey 031	EPN	UKPN (East)
E02000428	Haringey 032	EPN	UKPN (East)
E02000429	Haringey 033	EPN	UKPN (East)
E02000430	Haringey 034	EPN	UKPN (East)
E02000431	Haringey 035	EPN	UKPN (East)
E02000432	Haringey 036	EPN	UKPN (East)
E02000433	Harrow 001	EPN	UKPN (East)
E02000435	Harrow 003	EPN	UKPN (East)
E02000436	Harrow 004	EPN	UKPN (East)
E02000441	Harrow 009	EPN	UKPN (East)
E02000447	Harrow 015	EPN	UKPN (East)
E02000448	Harrow 016	EPN	UKPN (East)
E02000451	Harrow 019	EPN	UKPN (East)
E02000452	Harrow 020	EPN	UKPN (East)
E02000453	Harrow 021	EPN	UKPN (East)
E02000454	Harrow 022	EPN	UKPN (East)
E02000455	Harrow 023	EPN	UKPN (East)
E02000456	Harrow 024	EPN	UKPN (East)
E02000457	Harrow 025	EPN	UKPN (East)
E02000459	Harrow 027	EPN	UKPN (East)
E02000460	Harrow 028	EPN	UKPN (East)
E02000461	Harrow 029	EPN	UKPN (East)
E02000462	Harrow 030	EPN	UKPN (East)
E02000464	Havering 001	EPN	UKPN (East)
E02000469	Havering 006	EPN	UKPN (East)
E02000478	Havering 015	EPN	UKPN (East)
E02000482	Havering 019	EPN	UKPN (East)
E02000492	Havering 029	EPN	UKPN (East)
E02000493	Havering 030	EPN	UKPN (East)
E02000498	Hillingdon 005	EPN	UKPN (East)
E02000560	Islington 007	LPN	UKPN (London)
E02000561	Islington 008	LPN	UKPN (London)
E02000578	Kensington and Chelsea 002	LPN	UKPN (London)
E02000591	Kensington and Chelsea 015	LPN	UKPN (London)
E02000600	Kingston upon Thames 003	SPN	UKPN (South)
E02000603	Kingston upon Thames 006	LPN	UKPN (London)
E02000607	Kingston upon Thames 010	SPN	UKPN (South)
E02000608	Kingston upon Thames 011	SPN	UKPN (South)
E02000616	Kingston upon Thames 019	SPN	UKPN (South)
E02000634	Lambeth 017	LPN	UKPN (London)
E02000661	Lewisham 009	LPN	UKPN (London)
E02000663	Lewisham 011	LPN	UKPN (London)
E02000665	Lewisham 013	LPN	UKPN (London)
E02000666	Lewisham 014	LPN	UKPN (London)
E02000667	Lewisham 015	LPN	UKPN (London)
E02000668	Lewisham 016	LPN	UKPN (London)
E02000670	Lewisham 018	LPN	UKPN (London)
E02000677	Lewisham 025	LPN	UKPN (London)
E02000678	Lewisham 026	LPN	UKPN (London)
E02000680	Lewisham 028	LPN	UKPN (London)
E02000683	Lewisham 031	LPN	UKPN (London)
E02000686	Lewisham 034	LPN	UKPN (London)
E02000690	Merton 002	LPN	UKPN (London)
E02000714	Newham 001	LPN	UKPN (London)
E02000715	Newham 002	LPN	UKPN (London)
E02000716	Newham 003	LPN	UKPN (London)
E02000717	Newham 004	LPN	UKPN (London)
E02000718	Newham 005	LPN	UKPN (London)
E02000719	Newham 006	LPN	UKPN (London)
E02000720	Newham 007	LPN	UKPN (London)
E02000722	Newham 009	LPN	UKPN (London)
E02000725	Newham 012	LPN	UKPN (London)
E02000727	Newham 014	LPN	UKPN (London)
E02000729	Newham 016	LPN	UKPN (London)
E02000730	Newham 017	LPN	UKPN (London)
E02000732	Newham 019	LPN	UKPN (London)
E02000734	Newham 021	LPN	UKPN (London)
E02000735	Newham 022	LPN	UKPN (London)
E02000738	Newham 025	LPN	UKPN (London)
E02000739	Newham 026	LPN	UKPN (London)
E02000740	Newham 027	LPN	UKPN (London)
E02000741	Newham 028	LPN	UKPN (London)
E02000742	Newham 029	LPN	UKPN (London)
E02000743	Newham 030	LPN	UKPN (London)
E02000744	Newham 031	LPN	UKPN (London)
E02000746	Newham 033	LPN	UKPN (London)
E02000748	Newham 035	LPN	UKPN (London)
E02000753	Redbridge 003	LPN	UKPN (London)
E02000754	Redbridge 004	LPN	UKPN (London)
E02000758	Redbridge 008	LPN	UKPN (London)
E02000760	Redbridge 010	LPN	UKPN (London)
E02000762	Redbridge 012	LPN	UKPN (London)
E02000763	Redbridge 013	LPN	UKPN (London)
E02000765	Redbridge 015	LPN	UKPN (London)
E02000767	Redbridge 017	LPN	UKPN (London)
E02000768	Redbridge 018	LPN	UKPN (London)
E02000770	Redbridge 020	LPN	UKPN (London)
E02000772	Redbridge 022	LPN	UKPN (London)
E02000773	Redbridge 023	LPN	UKPN (London)
E02000774	Redbridge 024	LPN	UKPN (London)
E02000776	Redbridge 026	LPN	UKPN (London)
E02000777	Redbridge 027	LPN	UKPN (London)
E02000779	Redbridge 029	LPN	UKPN (London)
E02000783	Redbridge 033	LPN	UKPN (London)
E02000790	Richmond upon Thames 007	SPN	UKPN (South)
E02000791	Richmond upon Thames 008	SPN	UKPN (South)
E02000792	Richmond upon Thames 009	SPN	UKPN (South)
E02000794	Richmond upon Thames 011	SPN	UKPN (South)
E02000797	Richmond upon Thames 014	SPN	UKPN (South)
E02000799	Richmond upon Thames 016	SPN	UKPN (South)
E02000801	Richmond upon Thames 018	SPN	UKPN (South)
E02000802	Richmond upon Thames 019	SPN	UKPN (South)
E02000804	Richmond upon Thames 021	SPN	UKPN (South)
E02000815	Southwark 009	LPN	UKPN (London)
E02000817	Southwark 011	LPN	UKPN (London)
E02000818	Southwark 012	LPN	UKPN (London)
E02000828	Southwark 022	LPN	UKPN (London)
E02000835	Southwark 029	LPN	UKPN (London)
E02000846	Sutton 007	SPN	UKPN (South)
E02000863	Sutton 024	SPN	UKPN (South)
E02000864	Tower Hamlets 001	LPN	UKPN (London)
E02000865	Tower Hamlets 002	LPN	UKPN (London)
E02000868	Tower Hamlets 005	LPN	UKPN (London)
E02000869	Tower Hamlets 006	LPN	UKPN (London)
E02000870	Tower Hamlets 007	LPN	UKPN (London)
E02000872	Tower Hamlets 009	LPN	UKPN (London)
E02000874	Tower Hamlets 011	LPN	UKPN (London)
E02000876	Tower Hamlets 013	LPN	UKPN (London)
E02000879	Tower Hamlets 016	LPN	UKPN (London)
E02000880	Tower Hamlets 017	LPN	UKPN (London)
E02000881	Tower Hamlets 018	LPN	UKPN (London)
E02000882	Tower Hamlets 019	LPN	UKPN (London)
E02000883	Tower Hamlets 020	LPN	UKPN (London)
E02000885	Tower Hamlets 022	LPN	UKPN (London)
E02000886	Tower Hamlets 023	LPN	UKPN (London)
E02000887	Tower Hamlets 024	LPN	UKPN (London)
E02000889	Tower Hamlets 026	LPN	UKPN (London)
E02000893	Tower Hamlets 030	LPN	UKPN (London)
E02000900	Waltham Forest 006	EPN	UKPN (East)
E02000902	Waltham Forest 008	LPN	UKPN (London)
E02000904	Waltham Forest 010	LPN	UKPN (London)
E02000923	Wandsworth 001	LPN	UKPN (London)
E02000925	Wandsworth 003	LPN	UKPN (London)
E02000927	Wandsworth 005	LPN	UKPN (London)
E02000929	Wandsworth 007	LPN	UKPN (London)
E02000935	Wandsworth 013	LPN	UKPN (London)
E02000940	Wandsworth 018	LPN	UKPN (London)
E02000944	Wandsworth 022	LPN	UKPN (London)
E02000945	Wandsworth 023	LPN	UKPN (London)
E02000951	Wandsworth 029	LPN	UKPN (London)
E02000952	Wandsworth 030	LPN	UKPN (London)
E02000953	Wandsworth 031	LPN	UKPN (London)
E02000954	Wandsworth 032	LPN	UKPN (London)
E02000955	Wandsworth 033	LPN	UKPN (London)
E02000956	Wandsworth 034	LPN	UKPN (London)
E02000959	Wandsworth 037	LPN	UKPN (London)
E02000960	Westminster 001	LPN	UKPN (London)
E02000967	Westminster 008	LPN	UKPN (London)
E02000977	Westminster 018	LPN	UKPN (London)
E02003237	Peterborough 001	EPN	UKPN (East)
E02003238	Peterborough 002	EPN	UKPN (East)
E02003239	Peterborough 003	EPN	UKPN (East)
E02003241	Peterborough 005	EPN	UKPN (East)
E02003259	Luton 002	EPN	UKPN (East)
E02003261	Luton 004	EPN	UKPN (East)
E02003276	Luton 019	EPN	UKPN (East)
E02003299	Thurrock 004	EPN	UKPN (East)
E02003305	Thurrock 010	EPN	UKPN (East)
E02003308	Thurrock 013	EPN	UKPN (East)
E02003312	Thurrock 017	EPN	UKPN (East)
E02003314	Medway 001	SPN	UKPN (South)
E02003315	Medway 002	SPN	UKPN (South)
E02003318	Medway 005	SPN	UKPN (South)
E02003321	Medway 008	SPN	UKPN (South)
E02003322	Medway 009	SPN	UKPN (South)
E02003323	Medway 010	SPN	UKPN (South)
E02003325	Medway 012	SPN	UKPN (South)
E02003327	Medway 014	SPN	UKPN (South)
E02003329	Medway 016	SPN	UKPN (South)
E02003330	Medway 017	SPN	UKPN (South)
E02003332	Medway 019	SPN	UKPN (South)
E02003333	Medway 020	SPN	UKPN (South)
E02003334	Medway 021	SPN	UKPN (South)
E02003335	Medway 022	SPN	UKPN (South)
E02003336	Medway 023	SPN	UKPN (South)
E02003337	Medway 024	SPN	UKPN (South)
E02003339	Medway 026	SPN	UKPN (South)
E02003341	Medway 028	SPN	UKPN (South)
E02003342	Medway 029	SPN	UKPN (South)
E02003343	Medway 030	SPN	UKPN (South)
E02003345	Medway 032	SPN	UKPN (South)
E02003346	Medway 033	SPN	UKPN (South)
E02003347	Medway 034	SPN	UKPN (South)
E02003350	Medway 037	SPN	UKPN (South)
E02003492	Brighton and Hove 002	SPN	UKPN (South)
E02003494	Brighton and Hove 004	SPN	UKPN (South)
E02003506	Brighton and Hove 016	SPN	UKPN (South)
E02003513	Brighton and Hove 023	SPN	UKPN (South)
E02003522	Brighton and Hove 032	SPN	UKPN (South)
E02003600	Central Bedfordshire 002	EPN	UKPN (East)
E02003602	Central Bedfordshire 004	EPN	UKPN (East)
E02003604	Central Bedfordshire 006	EPN	UKPN (East)
E02003613	Central Bedfordshire 015	EPN	UKPN (East)
E02003616	Bedford 001	EPN	UKPN (East)
E02003624	Bedford 009	EPN	UKPN (East)
E02003626	Bedford 011	EPN	UKPN (East)
E02003631	Bedford 016	EPN	UKPN (East)
E02003632	Bedford 017	EPN	UKPN (East)
E02003635	Bedford 020	EPN	UKPN (East)
E02003636	Central Bedfordshire 018	EPN	UKPN (East)
E02003640	Central Bedfordshire 022	EPN	UKPN (East)
E02003641	Central Bedfordshire 023	EPN	UKPN (East)
E02003645	Central Bedfordshire 027	EPN	UKPN (East)
E02003649	Central Bedfordshire 031	EPN	UKPN (East)
E02003651	Central Bedfordshire 033	EPN	UKPN (East)
E02003661	Aylesbury Vale 010	EPN	UKPN (East)
E02003662	Aylesbury Vale 011	EPN	UKPN (East)
E02003663	Aylesbury Vale 012	EPN	UKPN (East)
E02003664	Aylesbury Vale 013	EPN	UKPN (East)
E02003665	Aylesbury Vale 014	EPN	UKPN (East)
E02003669	Aylesbury Vale 018	EPN	UKPN (East)
E02003671	Aylesbury Vale 020	EPN	UKPN (East)
E02003674	Aylesbury Vale 023	EPN	UKPN (East)
E02003676	Chiltern 001	EPN	UKPN (East)
E02003678	Chiltern 003	EPN	UKPN (East)
E02003679	Chiltern 004	EPN	UKPN (East)
E02003697	Wycombe 002	EPN	UKPN (East)
E02003723	Cambridge 005	EPN	UKPN (East)
E02003738	East Cambridgeshire 007	EPN	UKPN (East)
E02003739	East Cambridgeshire 008	EPN	UKPN (East)
E02003742	Fenland 001	EPN	UKPN (East)
E02003746	Fenland 005	EPN	UKPN (East)
E02003748	Fenland 007	EPN	UKPN (East)
E02003749	Fenland 008	EPN	UKPN (East)
E02003750	Fenland 009	EPN	UKPN (East)
E02003754	Huntingdonshire 002	EPN	UKPN (East)
E02003757	Huntingdonshire 005	EPN	UKPN (East)
E02003759	Huntingdonshire 007	EPN	UKPN (East)
E02003761	Huntingdonshire 009	EPN	UKPN (East)
E02003765	Huntingdonshire 013	EPN	UKPN (East)
E02003766	Huntingdonshire 014	EPN	UKPN (East)
E02003767	Huntingdonshire 015	EPN	UKPN (East)
E02003769	Huntingdonshire 017	EPN	UKPN (East)
E02003770	Huntingdonshire 018	EPN	UKPN (East)
E02003771	Huntingdonshire 019	EPN	UKPN (East)
E02003774	Huntingdonshire 022	EPN	UKPN (East)
E02003775	South Cambridgeshire 001	EPN	UKPN (East)
E02003776	South Cambridgeshire 002	EPN	UKPN (East)
E02003777	South Cambridgeshire 003	EPN	UKPN (East)
E02003778	South Cambridgeshire 004	EPN	UKPN (East)
E02003781	South Cambridgeshire 007	EPN	UKPN (East)
E02003786	South Cambridgeshire 012	EPN	UKPN (East)
E02003787	South Cambridgeshire 013	EPN	UKPN (East)
E02003793	South Cambridgeshire 019	EPN	UKPN (East)
E02004363	Eastbourne 008	SPN	UKPN (South)
E02004365	Eastbourne 010	SPN	UKPN (South)
E02004366	Eastbourne 011	SPN	UKPN (South)
E02004368	Hastings 001	SPN	UKPN (South)
E02004371	Hastings 004	SPN	UKPN (South)
E02004372	Hastings 005	SPN	UKPN (South)
E02004376	Hastings 009	SPN	UKPN (South)
E02004382	Lewes 004	SPN	UKPN (South)
E02004386	Lewes 008	SPN	UKPN (South)
E02004387	Lewes 009	SPN	UKPN (South)
E02004388	Lewes 010	SPN	UKPN (South)
E02004391	Lewes 013	SPN	UKPN (South)
E02004393	Rother 002	SPN	UKPN (South)
E02004403	Wealden 001	SPN	UKPN (South)
E02004404	Wealden 002	SPN	UKPN (South)
E02004406	Wealden 004	SPN	UKPN (South)
E02004410	Wealden 008	SPN	UKPN (South)
E02004414	Wealden 012	SPN	UKPN (South)
E02004415	Wealden 013	SPN	UKPN (South)
E02004417	Wealden 015	SPN	UKPN (South)
E02004418	Wealden 016	SPN	UKPN (South)
E02004419	Wealden 017	SPN	UKPN (South)
E02004428	Basildon 005	EPN	UKPN (East)
E02004432	Basildon 009	EPN	UKPN (East)
E02004446	Braintree 001	EPN	UKPN (East)
E02004448	Braintree 003	EPN	UKPN (East)
E02004450	Braintree 005	EPN	UKPN (East)
E02004453	Braintree 008	EPN	UKPN (East)
E02004455	Braintree 010	EPN	UKPN (East)
E02004461	Braintree 016	EPN	UKPN (East)
E02004465	Brentwood 002	EPN	UKPN (East)
E02004469	Brentwood 006	EPN	UKPN (East)
E02004472	Brentwood 009	EPN	UKPN (East)
E02004475	Castle Point 003	EPN	UKPN (East)
E02004477	Castle Point 005	EPN	UKPN (East)
E02004478	Castle Point 006	EPN	UKPN (East)
E02004481	Castle Point 009	EPN	UKPN (East)
E02004485	Chelmsford 001	EPN	UKPN (East)
E02004506	Colchester 001	EPN	UKPN (East)
E02004508	Colchester 003	EPN	UKPN (East)
E02004509	Colchester 004	EPN	UKPN (East)
E02004514	Colchester 009	EPN	UKPN (East)
E02004518	Colchester 013	EPN	UKPN (East)
E02004530	Epping Forest 004	EPN	UKPN (East)
E02004531	Epping Forest 005	EPN	UKPN (East)
E02004532	Epping Forest 006	EPN	UKPN (East)
E02004536	Epping Forest 010	EPN	UKPN (East)
E02004540	Epping Forest 014	LPN	UKPN (London)
E02004542	Epping Forest 016	LPN	UKPN (London)
E02004543	Epping Forest 017	LPN	UKPN (London)
E02004544	Harlow 001	EPN	UKPN (East)
E02004555	Maldon 001	EPN	UKPN (East)
E02004556	Maldon 002	EPN	UKPN (East)
E02004558	Maldon 004	EPN	UKPN (East)
E02004563	Rochford 001	EPN	UKPN (East)
E02004566	Rochford 004	EPN	UKPN (East)
E02004573	Tendring 001	EPN	UKPN (East)
E02004574	Tendring 002	EPN	UKPN (East)
E02004577	Tendring 005	EPN	UKPN (East)
E02004581	Tendring 009	EPN	UKPN (East)
E02004582	Tendring 010	EPN	UKPN (East)
E02004584	Tendring 012	EPN	UKPN (East)
E02004588	Tendring 016	EPN	UKPN (East)
E02004591	Uttlesford 001	EPN	UKPN (East)
E02004594	Uttlesford 004	EPN	UKPN (East)
E02004596	Uttlesford 006	EPN	UKPN (East)
E02004599	Uttlesford 009	EPN	UKPN (East)
E02004843	Broxbourne 001	EPN	UKPN (East)
E02004845	Broxbourne 003	EPN	UKPN (East)
E02004846	Broxbourne 004	EPN	UKPN (East)
E02004848	Broxbourne 006	EPN	UKPN (East)
E02004849	Broxbourne 007	EPN	UKPN (East)
E02004851	Broxbourne 009	EPN	UKPN (East)
E02004853	Broxbourne 011	EPN	UKPN (East)
E02004854	Broxbourne 012	EPN	UKPN (East)
E02004855	Broxbourne 013	EPN	UKPN (East)
E02004856	Dacorum 001	EPN	UKPN (East)
E02004857	Dacorum 002	EPN	UKPN (East)
E02004860	Dacorum 005	EPN	UKPN (East)
E02004861	Dacorum 006	EPN	UKPN (East)
E02004864	Dacorum 009	EPN	UKPN (East)
E02004866	Dacorum 011	EPN	UKPN (East)
E02004867	Dacorum 012	EPN	UKPN (East)
E02004868	Dacorum 013	EPN	UKPN (East)
E02004869	Dacorum 014	EPN	UKPN (East)
E02004874	Dacorum 019	EPN	UKPN (East)
E02004878	East Hertfordshire 001	EPN	UKPN (East)
E02004886	East Hertfordshire 009	EPN	UKPN (East)
E02004892	East Hertfordshire 015	EPN	UKPN (East)
E02004897	Hertsmere 002	EPN	UKPN (East)
E02004899	Hertsmere 004	EPN	UKPN (East)
E02004903	Hertsmere 008	EPN	UKPN (East)
E02004904	Hertsmere 009	EPN	UKPN (East)
E02004905	Hertsmere 010	EPN	UKPN (East)
E02004911	North Hertfordshire 003	EPN	UKPN (East)
E02004915	North Hertfordshire 007	EPN	UKPN (East)
E02004927	St Albans 004	EPN	UKPN (East)
E02004928	St Albans 005	EPN	UKPN (East)
E02004929	St Albans 006	EPN	UKPN (East)
E02004930	St Albans 007	EPN	UKPN (East)
E02004931	St Albans 008	EPN	UKPN (East)
E02004932	St Albans 009	EPN	UKPN (East)
E02004933	St Albans 010	EPN	UKPN (East)
E02004934	St Albans 011	EPN	UKPN (East)
E02004935	St Albans 012	EPN	UKPN (East)
E02004936	St Albans 013	EPN	UKPN (East)
E02004937	St Albans 014	EPN	UKPN (East)
E02004938	St Albans 015	EPN	UKPN (East)
E02004939	St Albans 016	EPN	UKPN (East)
E02004942	St Albans 019	EPN	UKPN (East)
E02004944	Stevenage 001	EPN	UKPN (East)
E02004946	Stevenage 003	EPN	UKPN (East)
E02004947	Stevenage 004	EPN	UKPN (East)
E02004948	Stevenage 005	EPN	UKPN (East)
E02004950	Stevenage 007	EPN	UKPN (East)
E02004951	Stevenage 008	EPN	UKPN (East)
E02004953	Stevenage 010	EPN	UKPN (East)
E02004954	Stevenage 011	EPN	UKPN (East)
E02004955	Stevenage 012	EPN	UKPN (East)
E02004958	Three Rivers 003	EPN	UKPN (East)
E02004959	Three Rivers 004	EPN	UKPN (East)
E02004960	Three Rivers 005	EPN	UKPN (East)
E02004963	Three Rivers 008	EPN	UKPN (East)
E02004964	Three Rivers 009	EPN	UKPN (East)
E02004965	Three Rivers 010	EPN	UKPN (East)
E02004966	Three Rivers 011	EPN	UKPN (East)
E02004967	Three Rivers 012	EPN	UKPN (East)
E02004968	Watford 001	EPN	UKPN (East)
E02004972	Watford 005	EPN	UKPN (East)
E02004973	Watford 006	EPN	UKPN (East)
E02004974	Watford 007	EPN	UKPN (East)
E02004975	Watford 008	EPN	UKPN (East)
E02004976	Watford 009	EPN	UKPN (East)
E02004979	Watford 012	EPN	UKPN (East)
E02004980	Welwyn Hatfield 001	EPN	UKPN (East)
E02004982	Welwyn Hatfield 003	EPN	UKPN (East)
E02004983	Welwyn Hatfield 004	EPN	UKPN (East)
E02004984	Welwyn Hatfield 005	EPN	UKPN (East)
E02004985	Welwyn Hatfield 006	EPN	UKPN (East)
E02004987	Welwyn Hatfield 008	EPN	UKPN (East)
E02004988	Welwyn Hatfield 009	EPN	UKPN (East)
E02004990	Welwyn Hatfield 011	EPN	UKPN (East)
E02004991	Welwyn Hatfield 012	EPN	UKPN (East)
E02004994	Welwyn Hatfield 015	EPN	UKPN (East)
E02004998	Ashford 003	SPN	UKPN (South)
E02005005	Ashford 010	SPN	UKPN (South)
E02005006	Ashford 011	SPN	UKPN (South)
E02005009	Ashford 014	SPN	UKPN (South)
E02005011	Canterbury 002	SPN	UKPN (South)
E02005019	Canterbury 010	SPN	UKPN (South)
E02005021	Canterbury 012	SPN	UKPN (South)
E02005026	Canterbury 017	SPN	UKPN (South)
E02005027	Canterbury 018	SPN	UKPN (South)
E02005029	Dartford 002	SPN	UKPN (South)
E02005031	Dartford 004	SPN	UKPN (South)
E02005033	Dartford 006	SPN	UKPN (South)
E02005038	Dartford 011	SPN	UKPN (South)
E02005040	Dartford 013	SPN	UKPN (South)
E02005041	Dover 001	SPN	UKPN (South)
E02005044	Dover 004	SPN	UKPN (South)
E02005046	Dover 006	SPN	UKPN (South)
E02005048	Dover 008	SPN	UKPN (South)
E02005049	Dover 009	SPN	UKPN (South)
E02005054	Dover 014	SPN	UKPN (South)
E02005055	Gravesham 001	SPN	UKPN (South)
E02005063	Gravesham 009	SPN	UKPN (South)
E02005067	Gravesham 013	SPN	UKPN (South)
E02005078	Maidstone 011	SPN	UKPN (South)
E02005081	Maidstone 014	SPN	UKPN (South)
E02005083	Maidstone 016	SPN	UKPN (South)
E02005084	Maidstone 017	SPN	UKPN (South)
E02005085	Maidstone 018	SPN	UKPN (South)
E02005086	Maidstone 019	SPN	UKPN (South)
E02005089	Sevenoaks 003	SPN	UKPN (South)
E02005090	Sevenoaks 004	SPN	UKPN (South)
E02005091	Sevenoaks 005	SPN	UKPN (South)
E02005093	Sevenoaks 007	SPN	UKPN (South)
E02005101	Sevenoaks 015	SPN	UKPN (South)
E02005102	Shepway 001	SPN	UKPN (South)
E02005109	Shepway 008	SPN	UKPN (South)
E02005110	Shepway 009	SPN	UKPN (South)
E02005113	Shepway 012	SPN	UKPN (South)
E02005114	Shepway 013	SPN	UKPN (South)
E02005115	Swale 001	SPN	UKPN (South)
E02005116	Swale 002	SPN	UKPN (South)
E02005117	Swale 003	SPN	UKPN (South)
E02005119	Swale 005	SPN	UKPN (South)
E02005120	Swale 006	SPN	UKPN (South)
E02005131	Swale 017	SPN	UKPN (South)
E02005145	Thanet 014	SPN	UKPN (South)
E02005156	Tonbridge and Malling 008	SPN	UKPN (South)
E02005158	Tonbridge and Malling 010	SPN	UKPN (South)
E02005166	Tunbridge Wells 005	SPN	UKPN (South)
E02005168	Tunbridge Wells 007	SPN	UKPN (South)
E02005169	Tunbridge Wells 008	SPN	UKPN (South)
E02005171	Tunbridge Wells 010	SPN	UKPN (South)
E02005503	Breckland 001	EPN	UKPN (East)
E02005504	Breckland 002	EPN	UKPN (East)
E02005505	Breckland 003	EPN	UKPN (East)
E02005506	Breckland 004	EPN	UKPN (East)
E02005514	Breckland 012	EPN	UKPN (East)
E02005516	Breckland 014	EPN	UKPN (East)
E02005522	Broadland 003	EPN	UKPN (East)
E02005524	Broadland 005	EPN	UKPN (East)
E02005526	Broadland 007	EPN	UKPN (East)
E02005529	Broadland 010	EPN	UKPN (East)
E02005531	Broadland 012	EPN	UKPN (East)
E02005535	Broadland 016	EPN	UKPN (East)
E02005536	Broadland 017	EPN	UKPN (East)
E02005537	Broadland 018	EPN	UKPN (East)
E02005541	Great Yarmouth 004	EPN	UKPN (East)
E02005542	Great Yarmouth 005	EPN	UKPN (East)
E02005544	Great Yarmouth 007	EPN	UKPN (East)
E02005545	Great Yarmouth 008	EPN	UKPN (East)
E02005549	Great Yarmouth 012	EPN	UKPN (East)
E02005550	Great Yarmouth 013	EPN	UKPN (East)
E02005551	King's Lynn and West Norfolk 001	EPN	UKPN (East)
E02005552	King's Lynn and West Norfolk 002	EPN	UKPN (East)
E02005554	King's Lynn and West Norfolk 004	EPN	UKPN (East)
E02005557	King's Lynn and West Norfolk 007	EPN	UKPN (East)
E02005558	King's Lynn and West Norfolk 008	EPN	UKPN (East)
E02005559	King's Lynn and West Norfolk 009	EPN	UKPN (East)
E02005560	King's Lynn and West Norfolk 010	EPN	UKPN (East)
E02005562	King's Lynn and West Norfolk 012	EPN	UKPN (East)
E02005565	King's Lynn and West Norfolk 015	EPN	UKPN (East)
E02005570	North Norfolk 001	EPN	UKPN (East)
E02005571	North Norfolk 002	EPN	UKPN (East)
E02005575	North Norfolk 006	EPN	UKPN (East)
E02005576	North Norfolk 007	EPN	UKPN (East)
E02005582	North Norfolk 013	EPN	UKPN (East)
E02005599	South Norfolk 003	EPN	UKPN (East)
E02005600	South Norfolk 004	EPN	UKPN (East)
E02005601	South Norfolk 005	EPN	UKPN (East)
E02005606	South Norfolk 010	EPN	UKPN (East)
E02005609	South Norfolk 013	EPN	UKPN (East)
E02005958	South Oxfordshire 001	EPN	UKPN (East)
E02005960	South Oxfordshire 003	EPN	UKPN (East)
E02006232	Babergh 006	EPN	UKPN (East)
E02006235	Babergh 009	EPN	UKPN (East)
E02006237	Babergh 011	EPN	UKPN (East)
E02006261	Mid Suffolk 001	EPN	UKPN (East)
E02006265	Mid Suffolk 005	EPN	UKPN (East)
E02006267	Mid Suffolk 007	EPN	UKPN (East)
E02006268	Mid Suffolk 008	EPN	UKPN (East)
E02006269	Mid Suffolk 009	EPN	UKPN (East)
E02006274	St Edmundsbury 002	EPN	UKPN (East)
E02006284	St Edmundsbury 012	EPN	UKPN (East)
E02006285	St Edmundsbury 013	EPN	UKPN (East)
E02006291	Suffolk Coastal 005	EPN	UKPN (East)
E02006294	Suffolk Coastal 008	EPN	UKPN (East)
E02006301	Suffolk Coastal 015	EPN	UKPN (East)
E02006310	Waveney 009	EPN	UKPN (East)
E02006314	Waveney 013	EPN	UKPN (East)
E02006315	Waveney 014	EPN	UKPN (East)
E02006316	Waveney 015	EPN	UKPN (East)
E02006317	Elmbridge 001	SPN	UKPN (South)
E02006318	Elmbridge 002	SPN	UKPN (South)
E02006319	Elmbridge 003	SPN	UKPN (South)
E02006320	Elmbridge 004	SPN	UKPN (South)
E02006321	Elmbridge 005	SPN	UKPN (South)
E02006322	Elmbridge 006	SPN	UKPN (South)
E02006323	Elmbridge 007	SPN	UKPN (South)
E02006326	Elmbridge 010	SPN	UKPN (South)
E02006327	Elmbridge 011	SPN	UKPN (South)
E02006329	Elmbridge 013	SPN	UKPN (South)
E02006331	Elmbridge 015	SPN	UKPN (South)
E02006332	Elmbridge 016	SPN	UKPN (South)
E02006336	Epsom and Ewell 002	SPN	UKPN (South)
E02006338	Epsom and Ewell 004	SPN	UKPN (South)
E02006339	Epsom and Ewell 005	SPN	UKPN (South)
E02006342	Epsom and Ewell 008	SPN	UKPN (South)
E02006349	Guildford 006	SPN	UKPN (South)
E02006350	Guildford 007	SPN	UKPN (South)
E02006352	Guildford 009	SPN	UKPN (South)
E02006355	Guildford 012	SPN	UKPN (South)
E02006358	Guildford 015	SPN	UKPN (South)
E02006359	Guildford 016	SPN	UKPN (South)
E02006360	Guildford 017	SPN	UKPN (South)
E02006363	Mole Valley 002	SPN	UKPN (South)
E02006364	Mole Valley 003	SPN	UKPN (South)
E02006365	Mole Valley 004	SPN	UKPN (South)
E02006367	Mole Valley 006	SPN	UKPN (South)
E02006368	Mole Valley 007	SPN	UKPN (South)
E02006369	Mole Valley 008	SPN	UKPN (South)
E02006370	Mole Valley 009	SPN	UKPN (South)
E02006371	Mole Valley 010	SPN	UKPN (South)
E02006372	Mole Valley 011	SPN	UKPN (South)
E02006373	Mole Valley 012	SPN	UKPN (South)
E02006374	Mole Valley 013	SPN	UKPN (South)
E02006375	Reigate and Banstead 001	SPN	UKPN (South)
E02006377	Reigate and Banstead 003	SPN	UKPN (South)
E02006379	Reigate and Banstead 005	SPN	UKPN (South)
E02006381	Reigate and Banstead 007	SPN	UKPN (South)
E02006382	Reigate and Banstead 008	SPN	UKPN (South)
E02006387	Reigate and Banstead 013	SPN	UKPN (South)
E02006391	Reigate and Banstead 017	SPN	UKPN (South)
E02006400	Runnymede 008	SPN	UKPN (South)
E02006409	Spelthorne 007	SPN	UKPN (South)
E02006414	Spelthorne 012	SPN	UKPN (South)
E02006415	Spelthorne 013	SPN	UKPN (South)
E02006429	Tandridge 002	SPN	UKPN (South)
E02006434	Tandridge 007	SPN	UKPN (South)
E02006435	Tandridge 008	SPN	UKPN (South)
E02006436	Tandridge 009	SPN	UKPN (South)
E02006446	Waverley 008	SPN	UKPN (South)
E02006461	Woking 006	SPN	UKPN (South)
E02006464	Woking 009	SPN	UKPN (South)
E02006465	Woking 010	SPN	UKPN (South)
E02006540	Adur 007	SPN	UKPN (South)
E02006543	Arun 002	SPN	UKPN (South)
E02006549	Arun 008	SPN	UKPN (South)
E02006552	Arun 011	SPN	UKPN (South)
E02006582	Crawley 008	SPN	UKPN (South)
E02006588	Horsham 001	SPN	UKPN (South)
E02006592	Horsham 005	SPN	UKPN (South)
E02006594	Horsham 007	SPN	UKPN (South)
E02006598	Horsham 011	SPN	UKPN (South)
E02006599	Horsham 012	SPN	UKPN (South)
E02006605	Mid Sussex 002	SPN	UKPN (South)
E02006608	Mid Sussex 005	SPN	UKPN (South)
E02006609	Mid Sussex 006	SPN	UKPN (South)
E02006610	Mid Sussex 007	SPN	UKPN (South)
E02006615	Mid Sussex 012	SPN	UKPN (South)
E02006618	Mid Sussex 015	SPN	UKPN (South)
E02006785	Bexley 029	LPN	UKPN (London)
E02006786	Greenwich 033	LPN	UKPN (London)
E02006789	Bromley 042	SPN	UKPN (South)
E02006790	Tandridge 012	SPN	UKPN (South)
E02006794	Haringey 037	EPN	UKPN (East)
E02006823	Chiltern 013	EPN	UKPN (East)
E02006825	East Cambridgeshire 011	EPN	UKPN (East)
E02006832	Sevenoaks 016	SPN	UKPN (South)
E02006854	Tower Hamlets 033	LPN	UKPN (London)
E02006858	Eastbourne 014	SPN	UKPN (South)
E02006859	Thurrock 019	EPN	UKPN (East)
E02006879	Shepway 014	SPN	UKPN (South)
E02006880	Shepway 015	SPN	UKPN (South)
E02006907	Norwich 014	EPN	UKPN (East)
E02006921	Hackney 029	LPN	UKPN (London)
E02006928	Greenwich 035	LPN	UKPN (London)
E02006930	Greenwich 037	LPN	UKPN (London)
E02000002	Barking and Dagenham 001	EPN	UKPN (East)
E02000019	Barking and Dagenham 018	EPN	UKPN (East)
E02000092	Bexley 028	SPN	UKPN (South)
E02000102	Brent 010	LPN	UKPN (London)
E02000159	Bromley 033	SPN	UKPN (South)
E02000248	Ealing 011	LPN	UKPN (London)
E02000342	Greenwich 030	LPN	UKPN (London)
E02000526	Hounslow 001	LPN	UKPN (London)
E02000752	Redbridge 002	LPN	UKPN (London)
E02000755	Redbridge 005	LPN	UKPN (London)
E02000789	Richmond upon Thames 006	SPN	UKPN (South)
E02000800	Richmond upon Thames 017	SPN	UKPN (South)
E02000890	Tower Hamlets 027	LPN	UKPN (London)
E02000897	Waltham Forest 003	EPN	UKPN (East)
E02003317	Medway 004	SPN	UKPN (South)
E02003320	Medway 007	SPN	UKPN (South)
E02003482	Milton Keynes 024	EPN	UKPN (East)
E02003599	Central Bedfordshire 001	EPN	UKPN (East)
E02003648	Central Bedfordshire 030	EPN	UKPN (East)
E02003657	Aylesbury Vale 006	EPN	UKPN (East)
E02003683	Chiltern 008	EPN	UKPN (East)
E02003698	Wycombe 003	EPN	UKPN (East)
E02003740	East Cambridgeshire 009	EPN	UKPN (East)
E02003751	Fenland 010	EPN	UKPN (East)
E02003779	South Cambridgeshire 005	EPN	UKPN (East)
E02004405	Wealden 003	SPN	UKPN (South)
E02004409	Wealden 007	SPN	UKPN (South)
E02004447	Braintree 002	EPN	UKPN (East)
E02004502	Chelmsford 018	EPN	UKPN (East)
E02004505	Chelmsford 021	EPN	UKPN (East)
E02004529	Epping Forest 003	EPN	UKPN (East)
E02004535	Epping Forest 009	EPN	UKPN (East)
E02004858	Dacorum 003	EPN	UKPN (East)
E02004859	Dacorum 004	EPN	UKPN (East)
E02004865	Dacorum 010	EPN	UKPN (East)
E02004871	Dacorum 016	EPN	UKPN (East)
E02004877	Dacorum 022	EPN	UKPN (East)
E02004881	East Hertfordshire 004	EPN	UKPN (East)
E02004883	East Hertfordshire 006	EPN	UKPN (East)
E02004887	East Hertfordshire 010	EPN	UKPN (East)
E02004893	East Hertfordshire 016	EPN	UKPN (East)
E02004909	North Hertfordshire 001	EPN	UKPN (East)
E02004993	Welwyn Hatfield 014	EPN	UKPN (East)
E02004995	Welwyn Hatfield 016	EPN	UKPN (East)
E02005028	Dartford 001	LPN	UKPN (London)
E02005032	Dartford 005	LPN	UKPN (London)
E02005035	Dartford 008	LPN	UKPN (London)
E02005036	Dartford 009	LPN	UKPN (London)
E02005515	Breckland 013	EPN	UKPN (East)
E02005517	Breckland 015	EPN	UKPN (East)
E02005530	Broadland 011	EPN	UKPN (East)
E02005568	King's Lynn and West Norfolk 018	EPN	UKPN (East)
E02005573	North Norfolk 004	EPN	UKPN (East)
E02005574	North Norfolk 005	EPN	UKPN (East)
E02005577	North Norfolk 008	EPN	UKPN (East)
E02005578	North Norfolk 009	EPN	UKPN (East)
E02006227	Babergh 001	EPN	UKPN (East)
E02006228	Babergh 002	EPN	UKPN (East)
E02006229	Babergh 003	EPN	UKPN (East)
E02006239	Forest Heath 002	EPN	UKPN (East)
E02006263	Mid Suffolk 003	EPN	UKPN (East)
E02006276	St Edmundsbury 004	EPN	UKPN (East)
E02006282	St Edmundsbury 010	EPN	UKPN (East)
E02006283	St Edmundsbury 011	EPN	UKPN (East)
E02006287	Suffolk Coastal 001	EPN	UKPN (East)
E02006292	Suffolk Coastal 006	EPN	UKPN (East)
E02006345	Guildford 002	SPN	UKPN (South)
E02006361	Guildford 018	SPN	UKPN (South)
E02006396	Runnymede 004	SPN	UKPN (South)
E02006421	Surrey Heath 006	SPN	UKPN (South)
E02006432	Tandridge 005	SPN	UKPN (South)
E02006453	Waverley 015	SPN	UKPN (South)
E02006799	Barking and Dagenham 023	EPN	UKPN (East)
E02006855	Canterbury 019	SPN	UKPN (South)
E02006908	Norwich 015	EPN	UKPN (East)
E02000148	Bromley 022	LPN	UKPN (London)
E02000242	Ealing 005	EPN	UKPN (East)
E02000261	Ealing 024	LPN	UKPN (London)
E02000496	Hillingdon 003	EPN	UKPN (East)
E02000795	Richmond upon Thames 012	LPN	UKPN (London)
E02003240	Peterborough 004	EPN	UKPN (East)
E02005037	Dartford 010	LPN	UKPN (London)
E02006411	Spelthorne 009	SPN	UKPN (South)
E02006416	Surrey Heath 001	SPN	UKPN (South)
E02006565	Chichester 005	SPN	UKPN (South)
E02000238	Ealing 001	EPN	UKPN (East)
E02000245	Ealing 008	EPN	UKPN (East)
E02000252	Ealing 015	LPN	UKPN (London)
E02000545	Hounslow 020	SPN	UKPN (South)
E02003459	Milton Keynes 001	EPN	UKPN (East)
E02003655	Aylesbury Vale 004	EPN	UKPN (East)
E02003688	South Bucks 001	EPN	UKPN (East)
E02003699	Wycombe 004	EPN	UKPN (East)
E02003702	Wycombe 007	EPN	UKPN (East)
E02005472	South Holland 008	EPN	UKPN (East)
E02005474	South Holland 010	EPN	UKPN (East)
E02005630	East Northamptonshire 002	EPN	UKPN (East)
E02005936	Cherwell 016	EPN	UKPN (East)
E02005961	South Oxfordshire 004	EPN	UKPN (East)
E02006412	Spelthorne 010	SPN	UKPN (South)
E02006443	Waverley 005	SPN	UKPN (South)
E02006445	Waverley 007	SPN	UKPN (South)
E02006450	Waverley 012	SPN	UKPN (South)
E02006542	Arun 001	SPN	UKPN (South)
E02006597	Horsham 010	SPN	UKPN (South)
E02006824	Wycombe 024	EPN	UKPN (East)
